id,url,name,address1,address2,phone,fax,imgLink,imgMapLink,email,direction,lon,lat
0,https://www.heviva.ch/institutions/detail/ems/5-de-coeur-cat.html,"5 DE COEUR, CAT",Place de la Croix-Blanche 3,1066 Epalinges,021.784.10.54,021.784.10.54,https://www.heviva.ch/typo3temp/assets/_processed_/e/4/csm_5_DE_COEUR_70928363da.png,https://www.heviva.ch/typo3temp/assets/_processed_/2/b/csm_5-DE-COEUR_CAT_6822c35261.jpg,cat.epalinges@montcalme.ch,Madalina Martin,6.670779406914439,46.5479847
1,https://www.heviva.ch/institutions/detail/ems/alexandra-cpse.html,ALEXANDRA CPSE,CHP Alexandra. Route Fin-du-Craux 47,1822 Chernex,021/964.32.78,021/964.32.55,https://www.heviva.ch/typo3temp/assets/_processed_/9/2/csm_ALEXANDRA_EXT_S_01_1a4dc3912d.jpg,https://www.heviva.ch/typo3temp/assets/_processed_/b/6/csm_ALEXANDRA-CPSE_ae15cf164e.jpg,chp@cpsealexandra.ch,François Ayer,undefined,
2,https://www.heviva.ch/institutions/detail/ems/aubepines-ems-les.html,"AUBEPINES, EMS LES",Chemin des Aub&#xE9;pines 4,1004 Lausanne,021 648 44 11,021 648 43 30,https://www.heviva.ch/typo3temp/assets/_processed_/f/f/csm_AUBEPINES_EXTERIEUR_02_3187ab5fb9.jpg,https://www.heviva.ch/typo3temp/assets/_processed_/6/f/csm_AUBEPINES_EMS-LES_86ad4eb789.jpg,caffaro.direction@sispsa.ch,Dario Caffaro,undefined,
3,https://www.heviva.ch/institutions/detail/ems/aubonne-cat-de-lhopital-d.html,"AUBONNE, CAT Mémoire",Rue Tr&#xE9;velin 67,1170 Aubonne,079 172 84 51,021 821 41 14,https://www.heviva.ch/typo3temp/assets/_processed_/1/0/csm_AUBONNE_CAT__1__P_4231305661.jpg,https://www.heviva.ch/typo3temp/assets/_processed_/6/2/csm_AUBONNE_CAT-de-l_Ho__pital-d__dff0d1fd16.jpg,cat.aubonne@ehc.vd.ch,,undefined,
4,https://www.heviva.ch/institutions/detail/ems/baumettes-cat-de-lems-les.html,"BAUMETTES, CAT de l'EMS les",Avenue des Baumettes 120,1020 Renens,021 637 55 55,021 637 55 66,https://www.heviva.ch/typo3temp/assets/_processed_/f/7/csm_BAUMETTES_CAT_P_1565f832e3.jpg,https://www.heviva.ch/typo3temp/assets/_processed_/7/0/csm_BAUMETTES_CAT-de-l_EMS-les_720845e99a.jpg,baumettes@baumettes.ch,Stéphanie Bonvin,6.5897996,46.5416374
5,https://www.heviva.ch/institutions/detail/ems/baumettes-cs-de-lems-les.html,"BAUMETTES, CS de l'EMS les",Avenue des Baumettes 120,1020 Renens,021 637 55 55,021 637 55 66,https://www.heviva.ch/typo3temp/assets/_processed_/8/8/csm_Baumettes_1_7f02e9d0ce.png,https://www.heviva.ch/typo3temp/assets/_processed_/f/3/csm_BAUMETTES_CS-de-l_EMS-les_01_7af1deedd8.jpg,baumettes@baumettes.ch,Christian Fonjallaz,6.5897996,46.5416374
6,https://www.heviva.ch/institutions/detail/ems/baumettes-ems-les.html,"BAUMETTES, EMS LES",Avenue des Baumettes 120,1020 Renens,021 637 55 55,021 637 55 66,https://www.heviva.ch/typo3temp/assets/_processed_/f/7/csm_Baumettes_4_88816241b5.png,https://www.heviva.ch/typo3temp/assets/_processed_/4/3/csm_BAUMETTES-EMS-LES_56bd770015.jpg,baumettes@baumettes.ch,Christian Fonjallaz,6.5897996,46.5416374
7,https://www.heviva.ch/institutions/detail/ems/baumettes-lp-de-la-fondation-les.html,"BAUMETTES, LP de la Fondation les",Chemin d&apos;Eterpy 2/4,1020 Renens,021 637 55 55,021 637 55 66,https://www.heviva.ch/typo3temp/assets/_processed_/6/4/csm_Baumettes_5_20b3eb6e65.png,https://www.heviva.ch/typo3temp/assets/_processed_/c/1/csm_BAUMETTES_LP-de-la-Fondation_6063198969.jpg,baumettes@baumettes.ch,Stéphanie Bonvin,4.0082596,43.9045512
8,https://www.heviva.ch/institutions/detail/ems/beau-sejour-cs-de-lems.html,"BEAU-SEJOUR, CS de l'EMS",Rue des Communaux 2,1800 Vevey,021 925 90 00,021 925 90 09,https://www.heviva.ch/typo3temp/assets/_processed_/d/f/csm_BEAU_SEJOUR_EXT_S_01_6fafbc3766.jpg,https://www.heviva.ch/typo3temp/assets/_processed_/5/c/csm_BEAU-SEJOUR-CS-de-l_EMS_c37d5377c1.jpg,fondation@fondationbeausejour.ch,,6.8493404,46.4603156
9,https://www.heviva.ch/institutions/detail/ems/beau-sejour-ems.html,"BEAU-SEJOUR, EMS",Rue des Communaux 2,1800 Vevey,021 925 90 00,021 925 90 09,https://www.heviva.ch/typo3temp/assets/_processed_/c/0/csm_BEAU_SEJOUR_EXT_S_761d4faa2e.jpg,https://www.heviva.ch/typo3temp/assets/_processed_/9/8/csm_BEAU-SEJOUR_EMS_e3261328cf.jpg,fondation@fondationbeausejour.ch,Philippe Hirsiger,6.8493404,46.4603156
10,https://www.heviva.ch/institutions/detail/ems/beau-site-ems.html,"BEAU-SITE, EMS",Chemin du Cr&#xE9;pon 32,1815 Clarens,021 989 53 99,021 989 53 50,https://www.heviva.ch/typo3temp/assets/_processed_/8/d/csm_BEAU_SITE_EXT_14a58125c4.png,https://www.heviva.ch/typo3temp/assets/_processed_/7/4/csm_BEAU-SITE-EMS_7cfff6c04f.jpg,direction@ems-fbs.ch,"Yves Mottet, directeur; Anick Chevalley, responsable soins et gestion accompagnement; Mme Muriel Duffour, adjointe responsable de site",undefined,
11,https://www.heviva.ch/institutions/detail/ems/beausobre-lp-de-la-residence-de.html,"BEAUSOBRE, LP de la Résidence de",Avenue de Vertou 6,1110 Morges,021 694 30 20,undefined,https://www.heviva.ch/typo3temp/assets/_processed_/c/d/csm_Residence_de_Beausobre_1_cfd3870acb.jpg,undefined,info@alterimo.ch.,Alterimo services immobiliers,6.4992667,46.5146105
12,https://www.heviva.ch/institutions/detail/ems/bellevue-cat-de-lems.html,"BELLEVUE, CAT de l'EMS",Route de Burtigny 11,1268 Begnins,022 366 61 11,undefined,https://www.heviva.ch/typo3temp/assets/_processed_/d/b/csm_catbellevue-220_e5c7465230.jpg,https://www.heviva.ch/typo3temp/assets/_processed_/3/8/csm_BELLEVUE_CAT-de-l_EMS_f3a0f4d2c9.jpg,info@bellesaison.ch,Céline Langlet,6.245739832215517,46.44258135
13,https://www.heviva.ch/institutions/detail/ems/berges-du-leman-ems-les.html,"BERGES DU LEMAN, EMS LES","Boulevard Henri-Plumhof 3, Case postale 192",1800 Vevey 1,021 925 56 56,undefined,https://www.heviva.ch/typo3temp/assets/_processed_/2/1/csm_BERGES_DU_LEMAN_EXT_S_b7c27cc0d0.jpg,https://www.heviva.ch/typo3temp/assets/_processed_/6/e/csm_BERGES-DU-LEMAN_EMS-LES_5a098baa3b.jpg,admin@fcm63.ch,Roger Hartmann,undefined,
14,https://www.heviva.ch/institutions/detail/ems/bethanie-cs-de-linstitution.html,"BETHANIE, CS de l'institution",Avenue de la Vallombreuse 34,1004 Lausanne,+41 21 641 71 50,+41 21 641 72 72,https://www.heviva.ch/typo3temp/assets/_processed_/5/b/csm_BETHANIE_CS__1__P_3581782138.jpg,https://www.heviva.ch/typo3temp/assets/_processed_/0/0/csm_BETHANIE_CS-de-l_Institution_01_0e3d6427b4.jpg,info@bethanie.ch,Frédéric Risse,6.6141619,46.5344099
15,https://www.heviva.ch/institutions/detail/ems/bethanie-institution-de.html,"BETHANIE, INSTITUTION DE",Avenue de la Vallombreuse 34,1004  Lausanne,021 641 71 50,021 641 72 72,https://www.heviva.ch/typo3temp/assets/_processed_/a/1/csm_BETHANIE_EXTERIEUR_S_4d16ae6dd0.jpg,https://www.heviva.ch/typo3temp/assets/_processed_/2/e/csm_BETHANIE_INSTITUTION-DE_ea6914fdd6.jpg,info@bethanie.ch,Frédéric Risse,6.6141619,46.5344099
16,https://www.heviva.ch/institutions/detail/ems/bethanie-lp-de-la-residence-de.html,"BETHANIE, LP de la Résidence de",Avenue de la Vallombreuse 32,1004 Lausanne,021 641 71 50,undefined,https://www.heviva.ch/typo3temp/assets/_processed_/5/2/csm_BETHANIE_LP__1__P_9e5a47242e.jpg,https://www.heviva.ch/typo3temp/assets/_processed_/4/e/csm_BETHANIE_LP-de-la-Re__sidence-de_22c8e7b8f7.jpg,f.risse@bethanie.ch,"Frédéric Risse, Directeur",6.6141631547528625,46.53398975
17,https://www.heviva.ch/institutions/detail/ems/bethel-cs.html,"BETHEL, CS",Chemin de Lacuez 4,1807 Blonay,021 925 50 48,021 925 50 41,https://www.heviva.ch/typo3temp/assets/_processed_/7/c/csm_BETHEL_CS__1__abb37222eb.jpg,https://www.heviva.ch/typo3temp/assets/_processed_/6/c/csm_BETHEL_CS_01_b2ccc6b6e0.jpg,info@maison-bethel.ch,Madame Katia de La Baume,undefined,
18,https://www.heviva.ch/institutions/detail/ems/bois-gentil-site-du-petit-flon-ems.html,"BOIS GENTIL, SITE DU PETIT FLON, EMS",Chemin du Petit Flon 49,1018 Lausanne,021 512 32 00,undefined,https://www.heviva.ch/typo3temp/assets/_processed_/1/2/csm_BOIS-GENTIL__PETIT_FLON_EXT_S_633ba9a2d7.jpg,https://www.heviva.ch/typo3temp/assets/_processed_/a/e/csm_BOIS-GENTIL_SITE-DU-PETIT-FLON_EMS_7728f8ac5d.jpg,info@fbg.ch,Pierre-Yves Remy,6.6247323,46.5424262
19,https://www.heviva.ch/institutions/detail/ems/bois-gentil-site-de-sauvabelin-ems.html,"BOIS-GENTIL, SITE DE SAUVABELIN, EMS",Route du Pavement 20,1018 Lausanne,021 512 34 00,undefined,https://www.heviva.ch/typo3temp/assets/_processed_/7/e/csm_BOIS_GENTIL__SITE_DE_SAUVABELIN__EXTERIEUR_0a0dc57b92.jpg,https://www.heviva.ch/typo3temp/assets/_processed_/0/9/csm_BOIS-GENTIL_SITE-DE-SAUVABELIN_EMS_2cc6fc88b3.jpg,info@fbg.ch,Pierre-Yves Remy,6.635906254952855,46.53210765
20,https://www.heviva.ch/institutions/detail/ems/borde-foyer-de-la.html,"BORDE, FOYER DE LA",Rue de la Borde 59,1018 Lausanne,021 642 74 74,021 642 74 70,https://www.heviva.ch/typo3temp/assets/_processed_/b/d/csm_BORDE_FOYER_DE__EXTERIEUR_S_de1483b897.jpg,https://www.heviva.ch/typo3temp/assets/_processed_/a/e/csm_BORDE_FOYER-DE-LA_d64e8f5f53.jpg,caffaro.direction@sispsa.ch,Dario Caffaro,6.629861242121535,46.53188555
21,https://www.heviva.ch/institutions/detail/ems/burier-maison-de-retraite.html,"BURIER, MAISON DE RETRAITE",Avenue des Bosquets de Julie 67,1815 Clarens,021 989 2323,021 989 2324,https://www.heviva.ch/typo3temp/assets/_processed_/7/7/csm_EMSBurier.Ext_2020_3c561099c1.jpg,https://www.heviva.ch/typo3temp/assets/_processed_/c/c/csm_BURIER_MAISON-DE-RETRAITE_d85db596ef.jpg,info@emsburier.ch,Christine Ferrari,6.8860868,46.4465812
22,https://www.heviva.ch/institutions/detail/ems/menthue-cat-la.html,CAT LA MENTHUE,Chemin de Pardine 2,1462 Yvonand,024 430 10 15,undefined,https://www.heviva.ch/typo3temp/assets/_processed_/7/4/csm_MENTHUE__1__01_3aa47d9a36.jpg,undefined,lamenthue@fondation-saphir.ch,"Karin Burla, responsable CAT / Direction : Luis Villa, directeur",undefined,
23,https://www.heviva.ch/institutions/detail/ems/verger-cat-le.html,CAT LE VERGER,Chemin de la Magnenette 2,1350 Orbe,024 442 61 53,undefined,https://www.heviva.ch/typo3temp/assets/_processed_/b/4/csm_VERGER__3__b308bd9e50.jpg,undefined,leverger@fondation-saphir.ch,"Fabienne Zaugg, responsable de CAT / Klara Fantys, responsable pôle personne âgée/ Direction : Luis Villa, directeur",6.533295927122755,46.72924245
24,https://www.heviva.ch/institutions/detail/ems/sources-cat-les.html,CAT LES SOURCES,Route de Bellevue 57,1400 Yverdon,024 426 06 96,undefined,https://www.heviva.ch/typo3temp/assets/_processed_/7/0/csm_SOURCES__1__eb3db2e21b.jpg,undefined,lessources@fondation-saphir.ch,"John Gallandat, responsable CAT / Klara Fantys, responsable pôle personne âgée/ Direction : Luis Villa, directeur",6.6655727,46.775683
25,https://www.heviva.ch/institutions/detail/ems/manureva-cat.html,CAT MANUREVA,"Village 52 SA, Av. de Grandson 48 - CP 1349",1401 Yverdon-les-Bains,024 425 94 46,undefined,https://www.heviva.ch/typo3temp/assets/_processed_/5/d/csm_MANUREVA__1__2f73f7f26f.jpg,https://www.heviva.ch/typo3temp/assets/_processed_/e/2/csm_MANUREVA_CAT_4064a22a06.jpg,manureva@fondation-saphir.ch,"John Gallandat, responsable CAT /Klara Fantys, responsable pôle personne âgée / Direction Luis Villa, directeur ",undefined,
26,https://www.heviva.ch/institutions/detail/ems/turquoise-cat.html,CAT TURQUOISE,Route de l&apos;Ancienne-Poste 42,1337 Vallorbe,021 843 00 09,undefined,https://www.heviva.ch/typo3temp/assets/_processed_/8/2/csm_TURQUOISE__3__e77dd2a21e.jpg,undefined,turquoise@fondation-saphir.ch,"Fabienne Zaugg, responsable CAT / Klara Fantys, responsable pôle personne âgée / Direction : Luis Villa, directeur",5.1749518,46.3136914
27,https://www.heviva.ch/institutions/detail/ems/cerisiers-ems-les.html,"CERISIERS, EMS LES",Rue des Cerisiers 15,1530 Payerne,026 662 89 11,026 662 81 01,https://www.heviva.ch/typo3temp/assets/_processed_/e/3/csm_CERISIERS_EXTERIEUR_8d70880ad6.jpg,https://www.heviva.ch/typo3temp/assets/_processed_/2/b/csm_CERISIERS_EMS-LES_f9388a7922.jpg,jeanluc.sapin@hibroye.ch,Laurent Exquis et Jean-Luc Sapin (Infirmier chef sur site),6.9448143,46.8187023
28,https://www.heviva.ch/institutions/detail/ems/champ-fleuri-epsm.html,"CHAMP-FLEURI, EPSM",Route de Champ-Fleuri 8,1823 Glion,021 966 05 40,021 966 05 41,https://www.heviva.ch/typo3temp/assets/_processed_/1/b/csm_CHAMP_FLEURI_EXT_S_9f1595b05e.jpg,https://www.heviva.ch/typo3temp/assets/_processed_/9/5/csm_CHAMP-FLEURI_EMS_aa72e64a89.jpg,secretariat@champ-fleur.ch,Florian Rubio,undefined,
29,https://www.heviva.ch/institutions/detail/ems/champ-fleuri-lp-de-lems.html,"CHAMP-FLEURI, EPSM",Route de Champ-Fleuri 8,1823 Glion,+41 21 966 05 40,+41 21 966 05 41,https://www.heviva.ch/typo3temp/assets/_processed_/e/6/csm_CHAMP_FLEURI_EXT_S_01_738abd18bd.jpg,https://www.heviva.ch/typo3temp/assets/_processed_/b/7/csm_CHAMPS-FLEURI_LP-de-l_EMS_ecbb2a2b4b.jpg,secretariat@champ-fleuri.ch,Rubio Florian,undefined,
30,https://www.heviva.ch/institutions/detail/ems/chanella-epsm.html,"CHANELLA, EPSM",Chemin de Chanella 14,1658 Rossini&#xE8;re,026 924 20 40,026 924 20 49,https://www.heviva.ch/typo3temp/assets/_processed_/f/5/csm_CHANELLA_EXT_S_aef340c874.jpg,https://www.heviva.ch/typo3temp/assets/_processed_/f/b/csm_CHANELLA_EMS_12a43fc464.jpg,info@cogestems.ch,Serge Gétaz,undefined,
31,https://www.heviva.ch/institutions/detail/ems/chateau-de-corcelles-ems-le.html,"CHATEAU DE CORCELLES, EMS LE",Clos du Ch&#xE2;teau 3,1426 Corcelles-pr&#xE8;s-Concise,024 434 6230,024 434 6237,https://www.heviva.ch/typo3temp/assets/_processed_/e/d/csm_CHATEAU_DE_CORCELLES_EXTERIEUR_2255b1af2f.jpg,https://www.heviva.ch/typo3temp/assets/_processed_/5/2/csm_CHATEAU-DE-CORCELLES_EMS-LE_448c693a23.jpg,direction@chateaucorcelles.ch; info@chateaucorcelles.ch,Dominique Willer,undefined,
32,https://www.heviva.ch/institutions/detail/ems/chateau-de-fechy-cs.html,"CHATEAU DE FECHY, CS",Chemin de la Crausaz 1,1173 F&#xE9;chy,021 805 03 60,021 805 03 69,https://www.heviva.ch/typo3temp/assets/_processed_/1/c/csm_FECHY_CS_P_d6825a4b2e.jpg,https://www.heviva.ch/typo3temp/assets/_processed_/9/6/csm_CHA__TEAU-DE-FECHY_CS-du-HNM_01_cdb1326aee.jpg,info@fondationsilo.ch,Christine Renevier,undefined,
33,https://www.heviva.ch/institutions/detail/ems/chateau-de-fechy-hnm.html,"CHATEAU DE FECHY, HNM",Chemin de la Crausaz 1,1173  F&#xE9;chy,021 805 03 60,021 805 03 69,https://www.heviva.ch/typo3temp/assets/_processed_/2/b/csm_2011-CHATEAU_DE_FECHY-EXTERIEUR_3489db0b19.jpg,https://www.heviva.ch/typo3temp/assets/_processed_/0/f/csm_CHATEAU-DE-FECHY_HNM_c14f283e4b.jpg,info@fondationsilo.ch,Jean-François Pasche,undefined,
34,https://www.heviva.ch/institutions/detail/ems/chateau-des-novalles-ems.html,"CHATEAU DES NOVALLES, EMS",Chemin du Paradis 1,1807 Blonay,021 943 08 00,021 943 08 99,https://www.heviva.ch/typo3temp/assets/_processed_/6/a/csm_CHATEAU_NOVALLES_EXT_S_1a6f13e996.jpg,https://www.heviva.ch/typo3temp/assets/_processed_/3/9/csm_CHATEAU-DES-NOVALLES_EMS_385fee3d79.jpg,info@chateaunovalles.ch,Carole Centofanti-Federico ,6.8803099,46.4617063
35,https://www.heviva.ch/institutions/detail/ems/chateaux-les-site-dechallens.html,"CHATEAUX LES, SITE D'ECHALLENS",Route d&apos;Orbe 4,1040  Echallens,021 886 36 36,021 886 36 35,https://www.heviva.ch/typo3temp/assets/_processed_/b/3/csm_CHATEAUX_-_SITE_D_ECHALLENS__EXTERIEUR_9114c01619.jpg,https://www.heviva.ch/typo3temp/assets/_processed_/f/d/csm_CHATEAUX-LES_SITE-D_ECHALLENS_9909c27abf.jpg,info@leschateaux.org,Frédéric Thomas,-94.233316,38.319526
36,https://www.heviva.ch/institutions/detail/ems/chateaux-les-site-de-goumoens-la-ville.html,"CHATEAUX LES, SITE DE GOUMOENS LA VILLE",Rue du Ch&#xE2;teau 5,1376  Goumoens-la-Ville,021 886 35 35,021 886 35 34,https://www.heviva.ch/typo3temp/assets/_processed_/5/6/csm_CHATEAUX_SITE_DE_GOUMOENS_EXTERIEUR_S_473f1480ba.jpg,https://www.heviva.ch/typo3temp/assets/_processed_/b/b/csm_CHATEAUX-LES_SITE-DE-GOUMOENS-LA-VILLE_cf450dfb7a.jpg,info@leschateaux.org,Frédéric Thomas,undefined,
37,https://www.heviva.ch/institutions/detail/ems/chocolatiere-cs.html,"CHOCOLATIERE, CS",Rue de la Chocolati&#xE8;re 30,1026 Echandens,058 748 85 30, 058 748 85 99,https://www.heviva.ch/typo3temp/assets/_processed_/e/e/csm_CHOCOLATIERE_01_242fb765eb.jpg,undefined,sandrine.heuls@altage.ch,Sandrine Heuls,undefined,
38,https://www.heviva.ch/institutions/detail/ems/chocolatiere-ems-la.html,"CHOCOLATIERE, EMS La",Rue de la Chocolati&#xE8;re 30,1026 Echandens,058 748 85 30, 058 748 85 99,https://www.heviva.ch/typo3temp/assets/_processed_/6/6/csm_CHOCOLATIERE_201b907617.jpg,undefined,sandrine.heuls@altage.ch,Sandrine Heuls,undefined,
39,https://www.heviva.ch/institutions/detail/ems/cite-de-la-borde-lp-la.html,"CITE DE LA BORDE, LP La",Rue de la Borde 38,1018 Lausanne,021.641.62.00,021.641.62.49,https://www.heviva.ch/typo3temp/assets/_processed_/4/9/csm_CITE_DE_LA_BORDE_LP__1__369b2d9321.jpg,https://www.heviva.ch/typo3temp/assets/_processed_/2/6/csm_CITE-DE-LA-BORDE_LP-La_933b5e0709.jpg,ems@fdorme.ch,Véronique Gafner,6.630957848776398,46.5317542
40,https://www.heviva.ch/institutions/detail/ems/cite-lp-de-la-residence-la.html,"CITE, LP de la Résidence La",Rue du Simplon 26,1800 Vevey,undefined,undefined,https://www.heviva.ch/typo3temp/assets/_processed_/e/3/csm_CITE_LP__1__P_342ae55ec9.jpg,https://www.heviva.ch/typo3temp/assets/_processed_/6/1/csm_CITE_LP-de-la-Re__sidence-La_77fbc5543f.jpg,fondation@fondationbeausejour.ch,Henri Boiron,6.8457248,46.4596557
41,https://www.heviva.ch/institutions/detail/ems/clair-vully-cat-de-lems.html,"CLAIR VULLY, CAT de l'EMS","case postale 60, Rue des Savoies 1",1585 Salavaux,026 677 88 00,026 677 88 99,https://www.heviva.ch/typo3temp/assets/_processed_/1/8/csm_CLAIR_VULLY_1_CAT_76b7bcca07.jpg,https://www.heviva.ch/typo3temp/assets/_processed_/0/2/csm_CLAIR-VULLY_CAT-de-l_EMS_cc6e8dfee7.jpg,info@clairvully.ch,Janine Di Fonzo ,undefined,
42,https://www.heviva.ch/institutions/detail/ems/clair-vully-cs-de-lems.html,"CLAIR VULLY, CS de l'EMS","case postale 60, Rue des Savoies 1",1585 Salavaux,026 677 88 00,026 677 88 99,https://www.heviva.ch/typo3temp/assets/_processed_/c/f/csm_CLAIR-VULLY-CS-1_ee76ddef57.jpg,https://www.heviva.ch/typo3temp/assets/_processed_/a/0/csm_CLAIR-VULLY_CS-de-l_EMS_3aef90dc17.jpg,info@clairvully.ch,Nadia Lanfranconi,undefined,
43,https://www.heviva.ch/institutions/detail/ems/clair-vully-ems.html,"CLAIR VULLY, EMS","case postale 60, Rue des Savoies 1",1585 Salavaux,026 677 88 00,026 677 88 99,https://www.heviva.ch/typo3temp/assets/_processed_/0/e/csm_CLAIRVULLY_EXTERIEUR_e7390f5056.jpg,https://www.heviva.ch/typo3temp/assets/_processed_/f/8/csm_CLAIR-VULLY_EMS_68687c2c9a.jpg,info@clairvully.ch,Nadia Lanfranconi,undefined,
44,https://www.heviva.ch/institutions/detail/ems/clair-soleil-ems.html,"CLAIR-SOLEIL, EMS",Route de la Pierre 7,1024  Ecublens,021 694 22 22,021 694 22 10,https://www.heviva.ch/typo3temp/assets/_processed_/a/2/csm_CLAIR_SOLEIL_EXTERIEUR_S_1f737139a4.jpg,https://www.heviva.ch/typo3temp/assets/_processed_/1/2/csm_CLAIR-SOLEIL_EMS_2d1053158e.jpg,ems.clairsoleil@fa2.ch,"Vincent Castagna, Directeur général, Mario Desmedt et Gaëtan Follonier",6.5578593,46.5299231
45,https://www.heviva.ch/institutions/detail/ems/clairiere-cat-de-la-fondation-la.html,"CLAIRIERE, CAT de la Fondation la",Route de St-Cergue 11,1295 Mies,022 950 80 24,022 950 80 18,https://www.heviva.ch/typo3temp/assets/_processed_/1/d/csm_Clairiere_CAT__1__b984c42dd5.jpg,https://www.heviva.ch/typo3temp/assets/_processed_/f/e/csm_CLAIRIERE_CAT-de-la-Fondation-la_12c99eec12.jpg,respcat@laclairiere.ch,"Stéphanie Etiévant, Infirmière responsable CAT",6.171921322475557,46.3084146
46,https://www.heviva.ch/institutions/detail/ems/clairiere-cs-de-la-fondation-la.html,"CLAIRIERE, CS de la Fondation la",Route de St-Cergue 11,1295 Mies,022 950 80 00,022 950 80 18,https://www.heviva.ch/typo3temp/assets/_processed_/f/5/csm_CLAIRIERE_EXTERIEUR_01_d0c21d81a4.jpg,https://www.heviva.ch/typo3temp/assets/_processed_/f/b/csm_CLAIRIERE_CS-de-la-Fondation-la_01_50ba10b36c.jpg,info@laclairiere.ch,"Véronique Bernard, infirmière-chef",6.171921322475557,46.3084146
47,https://www.heviva.ch/institutions/detail/ems/clairiere-fondation-la.html,"CLAIRIERE, FONDATION LA",Route de Saint-Cergue 11,1295 Mies,022 950 80 00,022 950 80 18,https://www.heviva.ch/typo3temp/assets/_processed_/d/0/csm_CLAIRIERE_EXTERIEUR_6c2999b41d.jpg,https://www.heviva.ch/typo3temp/assets/_processed_/c/5/csm_CLAIRIERE_FONDATION-LA_312afea26c.jpg,info@laclairiere.ch,Julie Heppel,6.171921322475557,46.3084146
48,https://www.heviva.ch/institutions/detail/ems/clairiere-lp-de-la-fondation-la.html,"CLAIRIERE, LP de la Fondation La",Route de St-Cergue 11,1295 Mies,022 950 80 00,022 950 80 18,https://www.heviva.ch/typo3temp/assets/_processed_/1/c/csm_CLAIRIERE_EXTERIEUR_02_2aa447d25c.jpg,https://www.heviva.ch/typo3temp/assets/_processed_/9/a/csm_CLAIRIERE_LP-de-la-Fondation-La_3c9a15c859.jpg,info@laclairiere.ch,Daniel Molnàr,6.171921322475557,46.3084146
49,https://www.heviva.ch/institutions/detail/ems/cle-des-champs-cs-de-lems.html,"CLE DES CHAMPS, CS de l'EMS",Route du Signal 6,1185 Mont-sur-Rolle,021 822 52 52,undefined,https://www.heviva.ch/typo3temp/assets/_processed_/4/8/csm_csclefdeschamps220_f36b24e4d0.jpg,https://www.heviva.ch/typo3temp/assets/_processed_/9/9/csm_CLE-DES-CHAMPS_CS-de-l_EMS_01_214f850f4e.jpg,info@bellesaison.ch,Stefano De Micheli,6.339566742039851,46.48412945
50,https://www.heviva.ch/institutions/detail/ems/clef-des-champs-cat-de-lems.html,"CLEF DES CHAMPS, CAT de l'EMS",Route du Signal 6,1185 Mont-sur-Rolle,021 822 52 52,undefined,https://www.heviva.ch/typo3temp/assets/_processed_/c/4/csm_catclefdeschamps-220_32764b5150.jpg,https://www.heviva.ch/typo3temp/assets/_processed_/d/7/csm_CLEF-DES-CHAMPS_CAT-de-l_EMS_845887079e.jpg,info@bellesaison.ch,Suzanne Berger,6.339566742039851,46.48412945
51,https://www.heviva.ch/institutions/detail/ems/clef-des-champs-ems.html,"CLEF DES CHAMPS, EMS",Route du Signal 6,1185 Mont-sur-Rolle,021 822 5252,021 822 5253,https://www.heviva.ch/typo3temp/assets/_processed_/8/4/csm_2011-CLE_DES_CHAMPS_EXTERIEUR_d906b82eb6.jpg,https://www.heviva.ch/typo3temp/assets/_processed_/6/a/csm_CLEF-DES-CHAMPS_EMS_e0e9f8a714.jpg,info@bellesaison.ch,Christian Crottaz,6.339566742039851,46.48412945
52,https://www.heviva.ch/institutions/detail/ems/clemence-cat-de-la-fondation-la.html,"CLEMENCE, CAT de la Fondation la",Avenue de Morges 64,1004 Lausanne,021 620 72 46,021 620 72 00,https://www.heviva.ch/typo3temp/assets/_processed_/b/3/csm_CLEMENCE_INTERIEUR_S_01_38af79c7cf.jpg,https://www.heviva.ch/typo3temp/assets/_processed_/c/9/csm_CLEMENCE_CAT-de-la-Fondation-la_e1443acf2c.jpg,cat@fondation-clemence.ch,Claude Saudan,6.6100814,46.5270156
53,https://www.heviva.ch/institutions/detail/ems/clemence-cs-de-la-fondation.html,"CLEMENCE, CS de la Fondation",Avenue de Morges 64,1004 Lausanne,021/620 72 72,021/620 72 44,https://www.heviva.ch/typo3temp/assets/_processed_/2/1/csm_CLEMENCE_EXTERIEUR_S_01_93fcb66630.jpg,https://www.heviva.ch/typo3temp/assets/_processed_/5/a/csm_CLEMENCE_CS-de-la-Fondation_01_9ff8f43eaf.jpg,fondation-clemence@fondation-clemence.ch,Jean-Charles Foucart,6.6100814,46.5270156
54,https://www.heviva.ch/institutions/detail/ems/clemence-fondation.html,"CLEMENCE, FONDATION",Avenue de Morges 64,1004 Lausanne,021 620 72 72,021 620 72 00,https://www.heviva.ch/typo3temp/assets/_processed_/2/0/csm_CLEMENCE_EXTERIEUR_S_b0f23b133a.jpg,https://www.heviva.ch/typo3temp/assets/_processed_/5/0/csm_CLEMENCE_FONDATION_fd7e4c9f7c.jpg,clemence@fondation-clemence.ch,Claude-Alain Stuby,6.6100814,46.5270156
55,https://www.heviva.ch/institutions/detail/ems/clemence-lp-de-la-fondation.html,"CLEMENCE, LP de la Fondation",Avenue de Morges 64C,1004 Lausanne,021/620 72 72,021/620 72 70,https://www.heviva.ch/typo3temp/assets/_processed_/9/0/csm_CLEMENCE_EXTERIEUR_S_02_415535d90a.jpg,https://www.heviva.ch/typo3temp/assets/_processed_/5/1/csm_SIMONE-PEGURI-LP-de-la-Fondation_452e4c8847.jpg,fondation-clemence@fondation-clemence.ch,Claude-Alain Stuby,6.60954189354829,46.52681465
56,https://www.heviva.ch/institutions/detail/ems/clos-des-tzams-hnm.html,"CLOS DES TZAMS, HNM",Route des Blanchettes 30,1660 L&apos;Etivaz,026 924 49 46,026 924 49 45,https://www.heviva.ch/typo3temp/assets/_processed_/8/c/csm_CLOS_DES_TZAMS_EXT_S_855b68bdf7.jpg,https://www.heviva.ch/typo3temp/assets/_processed_/2/f/csm_CLOS-DES-TZAMS_HNM_12f6cb8a89.jpg,info@cogestems.ch,Serge Gétaz,7.1467241,46.4257004
57,https://www.heviva.ch/institutions/detail/ems/colline-cat-de-lems-la.html,"COLLINE, CAT de l'EMS La",Chemin de Baulet 20,1071 Chexbres,021 946 01 01,021 946 01 99,https://www.heviva.ch/typo3temp/assets/_processed_/5/9/csm_COLLINE_EXTERIEUR_S_01_c154d872eb.jpg,https://www.heviva.ch/typo3temp/assets/_processed_/7/2/csm_COLLINE_CAT-de-l_EMS-La_c3ec62f976.jpg,info@emslacolline.org,"France Pinsard, responsable ",6.7770139,46.4804246
58,https://www.heviva.ch/institutions/detail/ems/colline-ems-la.html,"COLLINE, EMS LA",Chemin de Baulet 20,1071 Chexbres,021 946 01 01,--,https://www.heviva.ch/typo3temp/assets/_processed_/9/3/csm_COLLINE_EXTERIEUR_S_ee1f2ac0f9.jpg,https://www.heviva.ch/typo3temp/assets/_processed_/b/2/csm_COLLINE-EMS-LA_9c8b056eec.jpg,info@emslacolline.org,Valéry Ponsar,6.7770139,46.4804246
59,https://www.heviva.ch/institutions/detail/ems/rubis-colocation.html,COLOCATION RUBIS,"R&#xE9;sidence Agate, Route de Bellevue 57, CP 574",1401 Yverdon-les-Bains,024 426 10 01,undefined,https://www.heviva.ch/typo3temp/assets/_processed_/6/a/csm_Rubis__1__01_9c7cda2813.jpg,undefined,rubis@fondation-saphir.ch,"Marie Fournier, responsable colocation / Klara Fantys, responsable pôle personne âgée / Direction : Luis Villa, directeur",undefined,
60,https://www.heviva.ch/institutions/detail/ems/topaze-colocation.html,COLOCATION TOPAZE,"R&#xE9;sidence St-Martin, Chemin des Rigoles 14B",1350 Orbe,024 441 61 67,undefined,https://www.heviva.ch/typo3temp/assets/_processed_/b/6/csm_TOPAZE_LP_1_P_d31560f261.jpg,https://www.heviva.ch/typo3temp/assets/_processed_/e/3/csm_COLOCATION-TOPAZE_LP_56757d86fc.jpg,topaze@fondation-saphir.ch,"Marie Fournier, responsable colocation / Klara Fantys, responsable pôle personne âgée / Direction : Luis Villa, directeur",undefined,
61,https://www.heviva.ch/institutions/detail/ems/colombes-ems-les.html,"COLOMBES, EMS LES",Avenue de Collonges 1,1004 Lausanne,021 647 50 68,021 647 50 67,https://www.heviva.ch/typo3temp/assets/_processed_/1/a/csm_COLOMBES_EXTERIEUR_df972b1a5a.jpg,https://www.heviva.ch/typo3temp/assets/_processed_/7/f/csm_COLOMBES_EMS-LES_ee2248b60d.jpg,caffaro.direction@sispsa.ch,Dario Caffaro,undefined,
62,https://www.heviva.ch/institutions/detail/ems/colombiere-epsm-la.html,"COLOMBIERE, EPSM LA",Route du Village 51,1513  Hermenches,021 905 91 84,undefined,https://www.heviva.ch/typo3temp/assets/_processed_/8/e/csm_COLOMBIERE_EXTERIEUR_NUMERO_I_S_01_34b8b6003e.jpg,undefined,epsmcolombiere@fondation-saphir.ch,"Luis Villa, Directeur / Sihame Ghodbani, responsable accompagnement / Tristan Jobin, responsable pôle psychiatrie adulte",undefined,
63,https://www.heviva.ch/institutions/detail/ems/commandant-baud-cat-de-lems.html,"COMMANDANT BAUD, CAT de l'EMS",Chantre aux Daims 1,1143 Apples,021 800 91 11,021 800 49 21,https://www.heviva.ch/typo3temp/assets/_processed_/3/8/csm_COMMANDANT_BAUD_EXTERIEUR_01_6b0b88f71b.jpg,https://www.heviva.ch/typo3temp/assets/_processed_/4/c/csm_COMMANDANT-BAUD_CAT-de-l_EMS_6a1a29d3a2.jpg,info@fondationbaud.ch,Cornelia HENRY,undefined,
64,https://www.heviva.ch/institutions/detail/ems/commandant-baud-ems.html,"COMMANDANT BAUD, EMS",Chantre-aux-Daims 1,1143 Apples,021 800 91 11,021 800 49 21,https://www.heviva.ch/typo3temp/assets/_processed_/d/5/csm_COMMANDANT_BAUD_EXTERIEUR_f1b8eb4962.jpg,https://www.heviva.ch/typo3temp/assets/_processed_/a/c/csm_COMMANDANT-BAUD_EMS_4046cede9d.jpg,info@fondationbaud.ch,Catherine Pavaux,undefined,
65,https://www.heviva.ch/institutions/detail/ems/contesse-ems.html,"CONTESSE, EMS",Praz Amiet 6,1322 Croy,024 453 70 70,undefined,https://www.heviva.ch/typo3temp/assets/_processed_/3/c/csm_CONTESSE_EXTERIEUR_3f928b2e55.jpg,https://www.heviva.ch/typo3temp/assets/_processed_/3/0/csm_CONTESSE_EMS_ebddc0d7ef.jpg,emscontesse@fondation-saphir.ch,"Luis Villa, directeur / Astrid Petermann, responsable accompagnement / Klara Fantys, responsable pôle personne âgée",6.478787192287379,46.69206285
66,https://www.heviva.ch/institutions/detail/ems/coteau-muraz-cat-de-lems.html,"COTEAU-MURAZ, CAT de l'EMS",Rue Gambetta 20,1815 Clarens,021 989 55 76,021 989 53 50,https://www.heviva.ch/typo3temp/assets/_processed_/f/f/csm_COTEAU-MURAZ_P__2__add9b464ff.jpg,https://www.heviva.ch/typo3temp/assets/_processed_/3/a/csm_COTEAU-MURAZ_CAT-de-l_EMS_68ba988280.jpg,cat@ems-fbs.ch,"Yves Mottet, directeur; Gaëlle Rochat Karlen, responsable socioculturel, promotion et innovation",6.896779149315069,46.44289045
67,https://www.heviva.ch/institutions/detail/ems/coteau-muraz-ems.html,"COTEAU-MURAZ, EMS",Rue Gambetta 20,1815 Clarens,021 989 55 99,021 989 55 50,https://www.heviva.ch/typo3temp/assets/_processed_/d/d/csm_COTEAU_MURAZ_EXT_927b1854e3.png,https://www.heviva.ch/typo3temp/assets/_processed_/7/e/csm_COTEAU-MURAZ_EMS_f2ad8359b4.jpg,direction@ems-fbs.ch,"Yves Mottet, directeur; Anick Chevalley, responsable soins et gestion de l'accompagnement; Emmanuelle Caillet-Bois, adjointe responsable de site; Mélanie Bertschy, adjointe responsable de site",6.896779149315069,46.44289045
68,https://www.heviva.ch/institutions/detail/ems/cottier-boys-cs-de-lems.html,"COTTIER BOYS, CS de l'EMS",Rue de la Cage 4,1317 Orny,021 866 72 00,021 866 62 49,https://www.heviva.ch/typo3temp/assets/_processed_/a/1/csm_Cottier_boy_CS_97c84dc9ea.jpg,https://www.heviva.ch/typo3temp/assets/_processed_/d/8/csm_COTTIER-BOYS_CS-de-l_EMS_01_8759105a4e.jpg,info@cottier-boys.ch,Marilyne Beauverd,undefined,
69,https://www.heviva.ch/institutions/detail/ems/cottier-boys-ems.html,"COTTIER BOYS, EMS",Rue de la Cage 4,1317 Orny,021 866 7200,021 866 0275,https://www.heviva.ch/typo3temp/assets/_processed_/5/8/csm_COTTIER_BOYS_EXTERIEUR_782918b314.jpg,https://www.heviva.ch/typo3temp/assets/_processed_/0/0/csm_COTTIER-BOYS_EMS_27dc220b14.jpg,c.perrenoud@cottier-boys.ch,Claire Perrenoud ,undefined,
70,https://www.heviva.ch/institutions/detail/ems/diligence-cat-de-lems.html,"DILIGENCE, CAT DE L'EMS","Rue des Charpentiers 32, CP 348",1110 Morges 1 ,021.811.42.42,021.811.42.40,https://www.heviva.ch/typo3temp/assets/_processed_/6/d/csm_DILIGENCE_2_CAT_ff217d2e36.jpg,https://www.heviva.ch/typo3temp/assets/_processed_/c/8/csm_DILIGENCE_CAT-de-l_EMS-la_76544ff566.jpg,admin@la-diligence.ch,Danièle Bonhomme,undefined,
71,https://www.heviva.ch/institutions/detail/ems/donatella-mauri-cat-de-la-fondation.html,"DONATELLA MAURI, CAT de la Fondation",Chemin du Brit 2,1032 Romanel-sur-Lausanne,021 641 07 39,021 641 07 07,https://www.heviva.ch/typo3temp/assets/_processed_/e/9/csm_Donatella_mauri_CAT__2__82e3a0cfdd.jpg,https://www.heviva.ch/typo3temp/assets/_processed_/7/4/csm_DONATELLA-MAURI_CAT-de-la-Fondation_0dfa2b50a1.jpg,animation@donatellamauri.ch,Adele Nacci ,6.601364799878,46.56158885
72,https://www.heviva.ch/institutions/detail/ems/donatella-mauri-fondation.html,"DONATELLA MAURI, FONDATION",Chemin du Brit 2,1032 Romanel-sur-Lausanne,021641 07 00,021 641 07 07,https://www.heviva.ch/typo3temp/assets/_processed_/7/6/csm_DONATELLA_MAURI_EXTERIEUR_S_cf6a37eaa2.jpg,https://www.heviva.ch/typo3temp/assets/_processed_/d/8/csm_DONATELLA-MAURI_FONDATION_5fa2cc61e7.jpg,administration@donatellamauri.ch,Monsieur Vincent Simone,6.601364799878,46.56158885
73,https://www.heviva.ch/institutions/detail/ems/eikenott-lp-d.html,"EIKENOTT, LP d'",All&#xE9; L&#xE9;oth&#xE9;rius 1,1196 Gland,022 354 04 10,undefined,https://www.heviva.ch/typo3temp/assets/_processed_/0/6/csm_lpeikenott-220_40a2ae7b90.jpg,https://www.heviva.ch/typo3temp/assets/_processed_/2/1/csm_EIKENOETT_LP-d__f56c43fec4.jpg,greffe.municipal@gland.ch,Christine Etienne,undefined,
74,https://www.heviva.ch/institutions/detail/ems/douvaz-ems-la.html,EMS LA DOUVAZ,Chemin de la Douvaz 1,1423  Villars-Burquin,024 436 04 04,undefined,https://www.heviva.ch/typo3temp/assets/_processed_/d/3/csm_DOUVAZ_EXTERIEUR_7f77977af0.jpg,https://www.heviva.ch/typo3temp/assets/_processed_/7/6/csm_DOUVAZ_EMS-LA_0a19b8412b.jpg,emsdouvaz@fondation-saphir.ch,"Luis Villa, Directeur / Jocelyne Burdy, responsable accompagnement / Tristan Jobin, responsable pôle psychiatrie adulte",6.6187154830305825,46.8490831
75,https://www.heviva.ch/institutions/detail/ems/escapade-l-ems.html,"ESCAPADE L', EMS",Rue du Martinet 2,1188 Gimel,058 748 87 00,058 748 87 49,https://www.heviva.ch/typo3temp/assets/_processed_/f/2/csm_ESCAPADE_EXTERIEUR_S_920c390516.jpg,https://www.heviva.ch/typo3temp/assets/_processed_/8/c/csm_ESCAPADE-L__EMS_423f08dbf5.jpg,sandrine.heuls@altage.ch,Sandrine Heuls,undefined,
76,https://www.heviva.ch/institutions/detail/ems/etoile-du-matin-ems.html,"ETOILE DU MATIN, EMS",Chemin de l&apos;Etoile du Matin 5,1805 Jongny,021 925 95 55,undefined,https://www.heviva.ch/typo3temp/assets/_processed_/c/5/csm_ETOILE_DU_MATIN_EXT_S_5c774e0b5c.jpg,https://www.heviva.ch/typo3temp/assets/_processed_/3/a/csm_ETOILE-DU-MATIN_EMS_080662ad9a.jpg,admin@fcm63.ch,Roger Hartmann,5.0445112,46.3243048
77,https://www.heviva.ch/institutions/detail/ems/faverge-cat-de-lems-la.html,"FAVERGE, CAT de l'EMS La",Route de Bulle 10,1610 Oron-la-Ville,021.908.09.08,021.908.09.09,https://www.heviva.ch/typo3temp/assets/_processed_/e/f/csm_FAVERGE_INTERIEUR_S_aac0d97845.jpg,https://www.heviva.ch/typo3temp/assets/_processed_/c/4/csm_FAVERGE_CAT-de-l_EMS-La_99b759db5c.jpg,secretariat-reception@emsfaverge.ch,Mme Chantal Burri - resp. du CAT ,6.8301864,46.5712577
78,https://www.heviva.ch/institutions/detail/ems/faverge-cs-de-lems-la.html,"FAVERGE, CS de l'EMS la",Route de Bulle 10,1610 Oron-la-Ville,021.908.09.08,021.908.09.09,https://www.heviva.ch/typo3temp/assets/_processed_/b/f/csm_FAVERGE_EXTERIEUR_S_02_af4c468c1b.jpg,https://www.heviva.ch/typo3temp/assets/_processed_/a/b/csm_FAVERGE_CS-de-l_EMS-la_01_0475948868.jpg,secretariat-reception@emsfaverge.ch,M. Johny Simon - Infirmier-chef,6.8301864,46.5712577
79,https://www.heviva.ch/institutions/detail/ems/faverge-ems-la.html,"FAVERGE, EMS LA",Route de Bulle 10,1610 Oron-la-Ville,021 908 09 08,021 908 09 09,https://www.heviva.ch/typo3temp/assets/_processed_/f/7/csm_FAVERGE_EXTERIEUR_S_01_edf66882df.jpg,https://www.heviva.ch/typo3temp/assets/_processed_/7/6/csm_FAVERGE_EMS-LA_bd72a92240.jpg,secretariat-reception@emsfaverge.ch,Pierre-André Goumaz,6.8301864,46.5712577
80,https://www.heviva.ch/institutions/detail/ems/faverge-lp.html,"FAVERGE, LP",Route de Pal&#xE9;zieux 15 A et 15 B,1610 Oron-la-Ville,021.908.09.08,021.908.09.09,https://www.heviva.ch/typo3temp/assets/_processed_/d/d/csm_FAVERGE_EXTERIEUR_S_03_70b19d9412.jpg,https://www.heviva.ch/typo3temp/assets/_processed_/d/a/csm_A-LA-FAVERGE_LP_0f6344dbe9.jpg,secretariat-reception@emsfaverge.ch,Pierre-André Goumaz - Directeur,undefined,
81,https://www.heviva.ch/institutions/detail/ems/flon-ems-le.html,"FLON, EMS LE",Rte du Flon 19,1610 Oron-la-Ville,021 908 02 00,021 908 02 08,https://www.heviva.ch/typo3temp/assets/_processed_/e/d/csm_Flon_exterieur_d107a19a25.jpg,https://www.heviva.ch/typo3temp/assets/_processed_/d/f/csm_FLON_EMS-LE_d25a1ca60f.jpg,leflon.info@fondationdurelais.ch,Anne-Dominique Micheli,6.8223883,46.5692728
82,https://www.heviva.ch/institutions/detail/ems/halte-relais-cat-de-la-fondation-primeroche.html,"FONDATION PRIMEROCHE, CAT DE LA HALTE-RELAIS",Rue des M&#xE9;tiers 2,1008 Prilly,021/545.56.40,021 545 56 41,https://www.heviva.ch/typo3temp/assets/_processed_/6/b/csm_Halte-Relais-6_1cd47864da.jpg,https://www.heviva.ch/typo3temp/assets/_processed_/7/e/csm_CAHP-PRIMEROCHE_CAT-du_4ce9571576.jpg,info@primeroche.ch,Catherine Etter,undefined,
83,https://www.heviva.ch/institutions/detail/ems/grand-pre-cat-de-la-fondation-primeroche.html,"FONDATION PRIMEROCHE, CAT LE GRAND PRE",Rue du Grand-Pr&#xE9; 2,1033 Cheseaux-Lausanne,021 545 55 67,021 545 55 56,https://www.heviva.ch/typo3temp/assets/_processed_/7/f/csm_GRAND_PRE_69c7747f75.jpg,undefined,info@primeroche.ch,Jonathan Cogniasse,undefined,
84,https://www.heviva.ch/institutions/detail/ems/valentin-cat-de-la-fondation-primeroche.html,"FONDATION PRIMEROCHE, CAT LE VALENTIN",Rue du Valentin 34,1004 Lausanne,021 545 56 75,021 545 56 76,https://www.heviva.ch/typo3temp/assets/_processed_/d/5/csm_CAT-Le-Valentin-5_46afd846fe.jpg,https://www.heviva.ch/typo3temp/assets/_processed_/b/9/csm_VALAMOUR_CAT-de-l_EMS-le_a08167f4a5.jpg,info@primeroche.ch,Léonard Saugy,6.631492263445426,46.52649435
85,https://www.heviva.ch/institutions/detail/ems/halte-relais-primeroche-cs.html,"FONDATION PRIMEROCHE, CS DE LA HALTE-RELAIS",Rue des M&#xE9;tiers 2,1008 Prilly,021 545 56 40,021 545 56 41,https://www.heviva.ch/typo3temp/assets/_processed_/9/8/csm_PRIMEROCHE_CAHP_CS__2__P_01_394ff3df38.jpg,https://www.heviva.ch/typo3temp/assets/_processed_/7/7/csm_CAHP-PRIMEROCHE_CS-du_05c302d2e5.jpg,info@primeroche.ch,Catherine Etter,undefined,
86,https://www.heviva.ch/institutions/detail/ems/grand-pre-ems-le.html,"FONDATION PRIMEROCHE, EMS LE GRAND PRE",Rue du Grand Pr&#xE9; 2,1033 Cheseaux-sur-Lausanne,021 545 55 55,021 545 55 56,https://www.heviva.ch/typo3temp/assets/_processed_/6/b/csm_EMS-Le_Grand_Pre-5_88007d0b53.jpg,undefined,info@primeroche.ch,Christian Weiler,undefined,
87,https://www.heviva.ch/institutions/detail/ems/lys-ems-les.html,"FONDATION PRIMEROCHE, EMS LES LYS",Rue des M&#xE9;tiers 3,1008 Prilly,021 545 55 55,021 545 55 56,https://www.heviva.ch/typo3temp/assets/_processed_/7/a/csm_EMS-Les-Lys-4_1fa1abf1ad.jpg,https://www.heviva.ch/typo3temp/assets/_processed_/f/f/csm_PRIMEROCHE_FONDATION_c602473071.jpg,info@primeroche.ch,Christian Weiler,undefined,
88,https://www.heviva.ch/institutions/detail/ems/logements-supervises-renens-de-la-fondation-primeroche.html,"FONDATION PRIMEROCHE, LOGEMENTS SUPERVISES DE RENENS",Avenue du 14 avril 3,1020 Renens,079 386 57 71,021 545 56 41,https://www.heviva.ch/typo3conf/ext/wng_ems/res/images/ems_default.jpg,undefined,info@primeroche.ch,Judith Felis,6.5803141,46.539357
89,https://www.heviva.ch/institutions/detail/ems/prilly-lp-de-la-fondation-primeroche.html,"FONDATION PRIMEROCHE, LP DE PRILLY",Avenue de la Confr&#xE9;rie 44,1008 Prilly,021 545 56 40,021 545 56 41,https://www.heviva.ch/typo3temp/assets/_processed_/e/3/csm_Logements-Proteges-Prilly-6_169376e6ed.jpg,https://www.heviva.ch/typo3temp/assets/_processed_/1/9/csm_PRIMEROCHE-PRILLY_LP-de-la-Fondation-_7a277dfb18.jpg,info@primeroche.ch,Pascale Rudaz,undefined,
90,https://www.heviva.ch/institutions/detail/ems/grand-pre-lp-de-la-fondation-primeroche.html,"FONDATION PRIMEROCHE, LP LE GRAND PRE",Rue du Grand Pr&#xE9; 10 et 12,1033 Cheseaux-sur-Lausanne,021 545 55 67,021 545 55 56,https://www.heviva.ch/typo3temp/assets/_processed_/5/a/csm_Logements_Proteges-Cheseaux-6_c819172d79.jpg,undefined,info@primeroche.ch,Jonathan Cogniasse,undefined,
91,https://www.heviva.ch/institutions/detail/ems/fougeres-lp-de-la-residence-les.html,"FOUGERES, LP de la Résidence Les",Route du Village 10/12,1112 Echichens,021 804 08 11,undefined,https://www.heviva.ch/typo3temp/assets/_processed_/7/3/csm_FOUGERE_LP_P_6585adf575.jpg,https://www.heviva.ch/typo3temp/assets/_processed_/d/0/csm_FOUGERES_LP-de-la-Re__sidence-Les_996be933a9.jpg,info@fondationsilo.ch,Valérie Brügger,6.4716141,46.5560968
92,https://www.heviva.ch/institutions/detail/ems/gambetta-cs-de-lems.html,"GAMBETTA, CS de l'EMS",Rue de Gambetta 3,1815 Clarens,021 989 91 91,021 989 91 92,https://www.heviva.ch/typo3temp/assets/_processed_/f/8/csm_GAMBETTA_EXT_S_01_f250d55df0.jpg,https://www.heviva.ch/typo3temp/assets/_processed_/1/a/csm_GAMBETTA_CS-de-l_EMS_01_f761b277f7.jpg,info@emsgambetta.ch,Mme Corinne DEMAISON,undefined,
93,https://www.heviva.ch/institutions/detail/ems/gambetta-ems.html,"GAMBETTA, EMS",Rue Gambetta 3/CP 268,1815 Clarens,021 989 91 91,021 989 91 92,https://www.heviva.ch/typo3temp/assets/_processed_/3/f/csm_GAMBETTA_EXT_S_660d3440d2.jpg,https://www.heviva.ch/typo3temp/assets/_processed_/5/b/csm_GAMBETTA_EMS_660e5a0a1b.jpg,direction@emsgambetta.ch,Olivier Sthioul-Arif,undefined,
94,https://www.heviva.ch/institutions/detail/ems/gambetta-lp-de-lems.html,"GAMBETTA, LP de l'EMS",Rue Gambetta 3,1815 Clarens,undefined,021.989.91.91,https://www.heviva.ch/typo3temp/assets/_processed_/9/4/csm_GAMBETTA_EXT_S_02_a483f2b4e1.jpg,https://www.heviva.ch/typo3temp/assets/_processed_/f/1/csm_GAMBETTA-LP-de-l_EMS_1a8d4e01f0.jpg,direction@emsgambetta.ch,Olivier Sthioul-Arif,6.8963063,46.4417502
95,https://www.heviva.ch/institutions/detail/ems/girarde-cat-de-la-residence-la.html,"GIRARDE, CAT de la Résidence La",Chemin de la Girarde 2,1066 Epalinges,021 711 72 58,021 711 72 62,https://www.heviva.ch/typo3temp/assets/_processed_/5/4/csm_GIRARDE_1_6485627473.jpg,https://www.heviva.ch/typo3temp/assets/_processed_/c/b/csm_GIRARDE_CAT-de-la-Re__sidence-La_c703018b42.jpg,elisabeth.lenoir@fondationdurelais.ch,Alexandre Gasser,6.674868330511546,46.54977205
96,https://www.heviva.ch/institutions/detail/ems/girarde-residence-la.html,"GIRARDE, RESIDENCE LA",Chemin de la Girarde 2,1066  Epalinges,021 711 72 00,021 711 72 62,https://www.heviva.ch/typo3temp/assets/_processed_/0/b/csm_GIRARDE_EXTERIEUR_SITE_b25be6df06.jpg,https://www.heviva.ch/typo3temp/assets/_processed_/0/9/csm_GIRARDE_ESIDENCE-LA_02966d7071.jpg,girarde.info@fondationdurelais.ch,Anne-Dominique Micheli,6.674868330511546,46.54977205
97,https://www.heviva.ch/institutions/detail/ems/haute-combe-cs-de-lems.html,"HAUTE COMBE, CS de l'EMS",Chemin du Stand 3,1009 Pully,021/721.40.80,021/721.40.90,https://www.heviva.ch/typo3temp/assets/_processed_/4/4/csm_HAUTE_COMBE_CS_1_P_ca597d5677.jpg,https://www.heviva.ch/typo3temp/assets/_processed_/9/e/csm_HAUTE-COMBE_CS-de-l_EMS_01_c7e10cd414.jpg,pre-pariset@pre-pariset.ch,"M. Eric Mennen, Responsable des Courts séjours et Mme Barbara Merlini, Coordinatrice des Courts séjours",6.668367897248812,46.51917735
98,https://www.heviva.ch/institutions/detail/ems/haute-combe-ems.html,"HAUTE COMBE, EMS",Chemin du Stand 3,1009  Pully,021 721 40 80,021 721 40 90,https://www.heviva.ch/typo3temp/assets/_processed_/2/7/csm_HAUTE_COMBE_EXTERIEUR_S_01_5a634293c1.jpg,https://www.heviva.ch/typo3temp/assets/_processed_/9/4/csm_HAUTE-COMBE_EMS_08a3642882.jpg,,Pierre Berthet,6.668367897248812,46.51917735
99,https://www.heviva.ch/institutions/detail/ems/hirondelles-ems-les.html,"HIRONDELLES, EMS LES",Avenue Jean-Jacques Rousseau 19,1815 Clarens-sur-Montreux,021 989 29 00,undefined,https://www.heviva.ch/typo3temp/assets/_processed_/1/b/csm_EMS_Les_Hirondelles__Clarens_-_Fondation_Claire_Magnin__30__2f2616f2e2.jpg,undefined,admin@fcm63.ch,,6.8915769,46.4424629
100,https://www.heviva.ch/institutions/detail/ems/home-les-pins-sa-site-le-home.html,"HOME - LES PINS SA, SITE LE HOME",Avenue des Peupliers 22a,1009  Pully,021 721 02 70,021 721 02 71,https://www.heviva.ch/typo3temp/assets/_processed_/c/1/csm_HOME_EXTERIEUR_S_d6e82ca64b.jpg,https://www.heviva.ch/typo3temp/assets/_processed_/7/4/csm_HOME---LES-PINS-SA_SITE-DU-HOME_304e397372.jpg,info@lehome-lespins.ch,François Matt,6.662776753331951,46.51960925
101,https://www.heviva.ch/institutions/detail/ems/home-les-pins-sa-site-les-pins.html,"HOME - LES PINS SA, SITE LES PINS",Ch. des Grand-Vennes 15,1010 Lausanne,021 654 46 54,021 654 46 50,https://www.heviva.ch/typo3temp/assets/_processed_/9/c/csm_PINS_03_c97a3d958b.jpg,https://www.heviva.ch/typo3temp/assets/_processed_/c/9/csm_HOME---LES-PINS-SA_SITE-DES-PINS_552cb9cbe8.jpg,info@lehome-lespins.ch,François Matt,undefined,
102,https://www.heviva.ch/institutions/detail/ems/home-salem.html,HOME SALEM,"Route des Deux-Villages 96, Case postale 70",1806 Saint-L&#xE9;gier,021 943 90 90,021 943 90 91,https://www.heviva.ch/typo3temp/assets/_processed_/1/f/csm_SALEM_HOME_EXT_S_ce8dec3b68.jpg,https://www.heviva.ch/typo3temp/assets/_processed_/e/d/csm_HOME-SALEM_5047dde682.jpg,home.salem@eben-hezer.ch,Alexandre Salina,undefined,
103,https://www.heviva.ch/institutions/detail/ems/home-salem-cat-intramuros-du.html,"HOME SALEM, CAT intramuros du",Route des Deux-Villages 96,1806 St-L&#xE9;gier,+41 21 943 90 76,+41 21 943 90 91,https://www.heviva.ch/typo3temp/assets/_processed_/f/5/csm_SALEM_HOME_EXT_S_01_be8bedf826.jpg,https://www.heviva.ch/typo3temp/assets/_processed_/d/d/csm_HOME-SALEM_CAT-intramuros-du_ec940c4c35.jpg,cat.salem@eben-hezer.ch ,Stéphanie Beney-Roh ,undefined,
104,https://www.heviva.ch/institutions/detail/ems/hopital-daubonne-division-lits-c.html,"HOPITAL D'AUBONNE, DIVISION LITS C",Avenue Tr&#xE9;velin 67,1170 Aubonne,021 821 41 11,021 821 41 14,https://www.heviva.ch/typo3temp/assets/_processed_/e/e/csm_EHC_AUBONNE_EXTERIEUR_bf1bc176ad.jpg,https://www.heviva.ch/typo3temp/assets/_processed_/b/0/csm_HOPITAL-D_AUBONNE_DIVISION-LITS-C_31a621fe03.jpg,aubadmin@ehc.vd.ch,André Jordan,undefined,
105,https://www.heviva.ch/institutions/detail/ems/intermede-cat-de-la-fondation-de-lorme.html,"INTERMEDE, CAT de la Fondation de l'Orme",Route des Plaines-du-Loup 4A,1000 Lausanne 18,021.641.62.00,021.641.62.49,https://www.heviva.ch/typo3temp/assets/_processed_/2/8/csm_Orme_CAT__1__d250837cc6.png,https://www.heviva.ch/typo3temp/assets/_processed_/6/d/csm_INTERMEDE_CAT-de-la-Fondation-de-l_Orme_8b3d834f1d.jpg,ems@fdorme.ch,Da Silva Pereira Marina,undefined,
106,https://www.heviva.ch/institutions/detail/ems/jaques-et-charles-duc-epsm.html,"JAQUES ET CHARLES DUC, EPSM",Av. Eug&#xE8;ne Burnand 26A,1510 Moudon,026 668 11 17,026 668 02 87,https://www.heviva.ch/typo3temp/assets/_processed_/1/c/csm_DUC_EXTERIEUR_784c9c7dea.jpg,https://www.heviva.ch/typo3temp/assets/_processed_/5/7/csm_JAQUES-ET-CHARLES-DUC_FONDATION_6c9c4420b0.jpg,christine.semadeni@epsmduc.ch,Christine Semadeni,undefined,
107,https://www.heviva.ch/institutions/detail/ems/jardins-de-la-plaine-cat-de-lems-les.html,"JARDINS DE LA PLAINE, CAT de l'EMS les",Avenue Haldimand 24A,1400 Yverdon-les-Bains,024.426.38.49,024.426.38.79,https://www.heviva.ch/typo3temp/assets/_processed_/e/5/csm_JARDINS_DE_LA_PLAINE_INTERIEUR_01_e52c89805f.jpg,https://www.heviva.ch/typo3temp/assets/_processed_/d/7/csm_JARDINS-DE-LA-PLAINE_CAT-de-l_EMS-les_38748da95e.jpg,fabrizio.dallolio@altage.ch,Fabrizio Dall'Olio,6.6429335,46.7797146
108,https://www.heviva.ch/institutions/detail/ems/jardins-de-la-plaine-ems-les.html,"JARDINS DE LA PLAINE, EMS LES",Rue Haldimand 14b,1400 Yverdon-les-Bains,058 748 82 00,058 748 82 89,https://www.heviva.ch/typo3temp/assets/_processed_/b/c/csm_JARDINS_DE_LA_PLAINE_EXTERIEUR_af4dd6691d.jpg,https://www.heviva.ch/typo3temp/assets/_processed_/c/f/csm_JARDINS-DE-LA-PLAINE_EMS-LES_b5080933ef.jpg,michele.gavillet@altage.ch,Michèle Gavillet,undefined,
109,https://www.heviva.ch/institutions/detail/ems/jardins-de-la-plaine-lp-de-lems-les.html,"JARDINS DE LA PLAINE, LP de l'EMS les",Avenue Haldimand 14B,1400 Yverdon-les-Bains,024.423.88.88,undefined,https://www.heviva.ch/typo3temp/assets/_processed_/8/a/csm_JARDINS_DE_LA_PLAINE_EXTERIEUR_01_a306c8a1f4.jpg,https://www.heviva.ch/typo3temp/assets/_processed_/9/6/csm_JARDINS-DE-LA-PLAINE_LP-de-l_EMS-les_70a487ee72.jpg,stella.follonier@altage.ch,Madame Stella Follonier,6.6430414,46.7797746
110,https://www.heviva.ch/institutions/detail/ems/jardins-du-leman-ems-les.html,"JARDINS DU LEMAN, EMS LES",Route de l&apos;H&#xF4;pital 24,1180 Rolle,021  703 53 00,021 703 53 01,https://www.heviva.ch/typo3temp/assets/_processed_/e/1/csm_Jardins_du_Leman_Photogrpahe_1d5f3d1026.jpg,undefined,emslesjardinsduleman@ghol.ch,,undefined,
111,https://www.heviva.ch/institutions/detail/ems/joli-bois-ems.html,"JOLI BOIS, EMS",Route de Joli-Bois 10,1832  Chamby,021 989 90 90,021 989 90 91,https://www.heviva.ch/typo3temp/assets/_processed_/b/e/csm_JOLI_BOIS_EXT_S_f5bcc4ed64.jpg,https://www.heviva.ch/typo3temp/assets/_processed_/e/c/csm_JOLI-BOIS_EMS_225b1c5a6a.jpg,jbinfo@fondationlaprimerose.ch,"Michel Vincent, Bernadette Modoux",undefined,
112,https://www.heviva.ch/institutions/detail/ems/jura-ems-du.html,"JURA, EMS DU",Chez Barrat 3,1338  Ballaigues,021 843 80 80,undefined,https://www.heviva.ch/typo3temp/assets/_processed_/3/6/csm_JURA_EXTERIEUR_S._01_5233d749f0.jpg,https://www.heviva.ch/typo3temp/assets/_processed_/8/a/csm_JURA_EMS-DU_e6ebfc8479.jpg,emsdujura@fondation-saphir.ch,"Luis Villa, Directeur / Géraldine Dousse, responsable accompagnement / Klara Fantys, responsable pôle personne âgée",6.407469187849605,46.7294112
113,https://www.heviva.ch/institutions/detail/ems/kanumera-cat.html,"KANUMERA, CAT",Avenue du 14 Avril 12,1020 Renens,021 671 14 17,undefined,https://www.heviva.ch/typo3temp/assets/_processed_/0/4/csm_KANUMERA_02_4496c032c7.jpg,https://www.heviva.ch/typo3temp/assets/_processed_/c/d/csm_KANUMERA_CAT_c5333f5347.jpg,kainfo@fondationlaprimerose.ch,Michel Vincent & Nicole Piguet-Weishaupt,6.582506831909462,46.53840025
114,https://www.heviva.ch/institutions/detail/ems/lentracte-cat.html,"L'ENTRACTE, CAT",Route de Marcolet 39,1023 Crissier,021 552 67 77,undefined,https://www.heviva.ch/typo3temp/assets/_processed_/7/7/csm_L_Entracte_3_CAT_58a3528882.jpg,undefined,eninfo@fondationlaprimerose.ch,,6.5744599,46.5450115
115,https://www.heviva.ch/institutions/detail/ems/thonney-pension.html,LA ROCHELLE ,route de Vaumarcus 1,1428 Concise,058 748 83 60,058 748 83 99,https://www.heviva.ch/typo3temp/assets/_processed_/b/3/csm_THONNEY_EXT_S_2ad73ef015.jpg,https://www.heviva.ch/typo3temp/assets/_processed_/e/e/csm_THONNEY_PENSION_caa26d10ca.jpg,kiny.mottier@altage.ch,Kiny Mottier,6.750491427334424,46.86907075
116,https://www.heviva.ch/institutions/detail/ems/le-chene-ems.html,"LE CHÊNE, EMS",Chemin du Bochet 16C,1196 Gland,022 366 61 11,022 376 14 00,https://www.heviva.ch/typo3temp/assets/_processed_/2/5/csm_2011-BELLEVUE_EXTERIEUR_576a57c243.jpg,https://www.heviva.ch/typo3temp/assets/_processed_/6/c/csm_BELLEVUE_EMS_435104d55d.jpg,info@bellesaison.ch,Christian Crottaz,6.2741203,46.4159271
117,https://www.heviva.ch/institutions/detail/ems/leman-lp-de-la-residence.html,"LEMAN, LP de la Résidence",Rte de  la Vernie 8A,1023 Crissier,021/925.91.91,undefined,https://www.heviva.ch/typo3temp/assets/_processed_/e/a/csm_Logements_proteges_MixAGE_56b66d1ffd.jpg,undefined,contact@residence-du-leman.ch,Rose Cindy,undefined,
118,https://www.heviva.ch/institutions/detail/ems/leman-residence-du.html,"LEMAN, RESIDENCE DU",Route de Lavaux 12,1802 Corseaux,021 925 91 91,021 923 66 55,https://www.heviva.ch/typo3temp/assets/_processed_/7/3/csm_LEMAN_RESIDENCE_EXT_S_edeab61474.jpg,https://www.heviva.ch/typo3temp/assets/_processed_/4/b/csm_LEMAN_RESIDENCE-DU_d698cba6a9.jpg,contact@residence-du-leman.ch,Roger Dubuis,6.8340016,46.4682527
119,https://www.heviva.ch/institutions/detail/ems/lembaz-ems-la.html,"LEMBAZ, EMS La","Route de l&apos;Eglise 27, Case Postale 30",1523 Granges-Marnand,026 668 63 00,026 668 63 99,https://www.heviva.ch/typo3temp/assets/_processed_/0/f/csm_LEMBAZ_40f37f6ef6.jpg,undefined,info@emslalembaz.ch,,5.1749518,46.3136914
120,https://www.heviva.ch/institutions/detail/ems/apparts-lp-les.html,LES APPARTS,Route de Bellevue 49,1400 Yverdon-les-Bains,024 424 92 10,undefined,https://www.heviva.ch/typo3temp/assets/_processed_/2/9/csm_LES_APPARTS_LP_P_b5f7541f47.jpg,https://www.heviva.ch/typo3temp/assets/_processed_/8/f/csm_LES-APPARTS_LP_52295347bc.jpg,lesapparts@fondation-saphir.ch,"Azlag-Cadet Samira, infirmière cheffe, Tristan Jobin, responsable pôle psychiatrie. Direction : Luis Villa, directeur",6.664750821887475,46.7744493
121,https://www.heviva.ch/institutions/detail/ems/louis-boissonnet-ems.html,"LOUIS BOISSONNET, EMS",Chemin de Boissonnet 51,1010 Lausanne,021 651 31 11,021 651 31 85,https://www.heviva.ch/typo3temp/assets/_processed_/3/e/csm_BOISSONNET_EXTERIEUR_S_ffd5d67bc4.jpg,https://www.heviva.ch/typo3temp/assets/_processed_/f/6/csm_LOUIS-BOISSONNET_EMS_ff8110130e.jpg,boissonnet@boissonnet.ch,Marc-Alain Genillard,undefined,
122,https://www.heviva.ch/institutions/detail/ems/maillefer-cat-de-la-fondation-bois-gentil.html,"MAILLEFER, CAT de la Fondation Bois-Gentil",Chemin de Maillefer 125,1018 Lausanne,021 512 32 90,undefined,https://www.heviva.ch/typo3temp/assets/_processed_/e/1/csm_MAILLEFER_CAT_6_P_a2af183223.jpg,https://www.heviva.ch/typo3temp/assets/_processed_/c/8/csm_MAILLEFER_CAT-de-la-Fondation-Bois-Gentil_3fb7637245.jpg,referent_CAT@fbg.ch,CAT Bois-Gentil,6.626088612115382,46.54097535
123,https://www.heviva.ch/institutions/detail/ems/maillefer-lp-de-la-fondation-bois-gentil.html,"MAILLEFER, LP de la Fondation Bois-Gentil",Chemin de Maillefer 125,1018 Lausanne,021 512 32 95,undefined,https://www.heviva.ch/typo3temp/assets/_processed_/b/8/csm_MAILLEFER_LP_P__2__29cd24a4db.jpg,https://www.heviva.ch/typo3temp/assets/_processed_/2/c/csm_MAILLEFER_LP-de-la-Fondation-Bois-Gentil_e436ea0403.jpg,ac.bonard@fbg.ch,Anne-Catherine Bonard,6.626088612115382,46.54097535
124,https://www.heviva.ch/institutions/detail/ems/maillon-cs-de-lems-le.html,"MAILLON, CS de l'EMS le",Les Chevalleyres,1807 Blonay,021 943 99 00,021 943 99 90,https://www.heviva.ch/typo3temp/assets/_processed_/8/a/csm_MAILLON_CS__1__P_0a5e01f1f3.jpg,https://www.heviva.ch/typo3temp/assets/_processed_/e/a/csm_MAILLON_CS-de-l_EMS-le_01_f45d4e5604.jpg,direction@ems-fbs.ch,M. Jean-François Lallau,6.8981594,46.4754978
125,https://www.heviva.ch/institutions/detail/ems/maillon-ems-le.html,"MAILLON, EMS LE",Les Chevalleyres,1807 Blonay,021 943 99 00,021 943 99 90,https://www.heviva.ch/typo3temp/assets/_processed_/2/5/csm_MAILLON_EXT_S_1a7d7241f6.jpg,https://www.heviva.ch/typo3temp/assets/_processed_/c/c/csm_MAILLON_EMS-LE_7426cf96fa.jpg,direction@ems-fbs.ch,"Yves Mottet, directeur; Anick Chevalley, responsable soins et gestion de l'accompagnement; Jean-François Lallau, adjoint responsable de site",6.8981594,46.4754978
126,https://www.heviva.ch/institutions/detail/ems/bethel-maison-de.html,Maison Béthel,Chemin de Lacuez 4,1807  Blonay,021 925 50 40,021 925 50 41,https://www.heviva.ch/typo3temp/assets/_processed_/f/2/csm_BETHEL_EXT_S_8dd033e426.jpg,https://www.heviva.ch/typo3temp/assets/_processed_/2/b/csm_BETHEL_MAISON-DE_c5ca15d18d.jpg,info@maison-bethel.ch,Madame Katia de La Baume,undefined,
127,https://www.heviva.ch/institutions/detail/ems/maison-dorphee.html,MAISON D'ORPHEE,Pr&#xE9; du March&#xE9; 46,1004  Lausanne,021 647 13 77,021 647 25 77,https://www.heviva.ch/typo3temp/assets/_processed_/2/a/csm_MAISON_D_ORPHEE_EXTERIEUR_S_01_afdae50939.jpg,https://www.heviva.ch/typo3temp/assets/_processed_/9/b/csm_MAISON-D_ORPHEE_91ca63f60b.jpg,direction@lamaisondorphee.ch,Josiane Noël,undefined,
128,https://www.heviva.ch/institutions/detail/ems/maison-du-pelerin.html,MAISON DU PELERIN,En Beaumaroche,1801 Le Mont-P&#xE9;lerin,021 925 61 11,021 925 60 90,https://www.heviva.ch/typo3temp/assets/_processed_/d/b/csm_MONTPELERIN_EXT_S_96c1b126e4.png,https://www.heviva.ch/typo3temp/assets/_processed_/f/0/csm_MAISON-DU-PELERIN_af4b4c8831.jpg,info@ems-pelerin.ch,Jean-Luc Andrey,undefined,
129,https://www.heviva.ch/institutions/detail/ems/marc-aurele-fondation.html,"MARC AURELE, FONDATION",Avenue Jomini 1 - Case postale 107,1580 Avenches,026 676 44 44,026 676 44 45,https://www.heviva.ch/typo3temp/assets/_processed_/a/6/csm_MARC_AURELE_EXT_59d38ffe2a.jpg,https://www.heviva.ch/typo3temp/assets/_processed_/7/e/csm_MARC-AURELE_EMS_30556aa111.jpg,secretariat@marcaurele.ch,Cinzia Di Marino,undefined,
130,https://www.heviva.ch/institutions/detail/ems/marc-aurele-cat-de-lems.html,"MARC-AURELE, CAT de l'EMS",Avenue Jomini 1,1580 Avenches,026 676 44 44,026 676 44 41,https://www.heviva.ch/typo3temp/assets/_processed_/b/f/csm_MARC_AURELE__CAT__3__6fd1a832df.jpg,https://www.heviva.ch/typo3temp/assets/_processed_/e/a/csm_MARC-AURELE_CAT-de-l_EMS-_3fa7cfdbc6.jpg,secretariat@marcaurele.ch,Carole Thiévent,7.0436067,46.8809469
131,https://www.heviva.ch/institutions/detail/ems/marc-aurele-cs-de-lems.html,"MARC-AURELE, CS de l'EMS",Avenue Jomini 1,1580 Avenches,026 676 44 44,026 676 44 45,https://www.heviva.ch/typo3temp/assets/_processed_/0/b/csm_MARC_AURELE_CS__5__8d98022e59.jpg,https://www.heviva.ch/typo3temp/assets/_processed_/5/8/csm_MARC-AURELE_CS-de-l_EMS_01_b72df45d4c.jpg,secretariat@marcaurele.ch,Carole Thiévent,7.0436067,46.8809469
132,https://www.heviva.ch/institutions/detail/ems/marronnier-cat-de-lems-le.html,"MARRONNIER, CAT de l'EMS Le",Route de Lavaux 20,1095 Lutry,021 796 70 05,021 796 70 71,https://www.heviva.ch/typo3temp/assets/_processed_/b/3/csm_MARRONNIER_EXTERIEUR_CAT-_387b5e0377.jpg,https://www.heviva.ch/typo3temp/assets/_processed_/5/d/csm_MARRONNIER_CAT-de-l_EMS-Le_4309c401ae.jpg,cat@ems-lemarronnier.ch,Magali Berthet,6.676814078642275,46.50476895
133,https://www.heviva.ch/institutions/detail/ems/marronnier-ems-le.html,"MARRONNIER, EMS LE","Route de Lavaux 20, Case postale 341",1095 Lutry,021 796 70 70,021 796 70 71,https://www.heviva.ch/typo3temp/assets/_processed_/0/5/csm_MARRONNIER_EXTERIEUR_EMS--2_32246a83af.jpg,https://www.heviva.ch/typo3temp/assets/_processed_/7/5/csm_MARRONNIER_EMS-LE_82362f38a0.jpg,info@ems-lemarronnier.ch,Carol Gay,undefined,
134,https://www.heviva.ch/institutions/detail/ems/maurice-bugnon-cs-de-lems.html,"MAURICE BUGNON, CS de l'EMS",Route de Rovray 26,1462 Yvonand,024.430.05.00,024.430.05.10,https://www.heviva.ch/typo3temp/assets/_processed_/9/9/csm_BUGNON_EXTERIEUR_02_94ad594086.jpg,https://www.heviva.ch/typo3temp/assets/_processed_/9/e/csm_MAURICE-BUGNON_CS-de-l_EMS_01_30d2b4a4bb.jpg,emsmauricebugnon@fondation-saphir.ch,Claire Perrenoud,6.748590200000001,46.79519185
135,https://www.heviva.ch/institutions/detail/ems/maurice-bugnon-ems.html,"MAURICE BUGNON, EMS",Route de Rovray 26,1462  Yvonand,024 430 05 00,undefined,https://www.heviva.ch/typo3temp/assets/_processed_/4/d/csm_BUGNON_EXTERIEUR_0b4c939e9b.jpg,https://www.heviva.ch/typo3temp/assets/_processed_/2/6/csm_MAURICE-BUGNON_MS_16d6ac49a6.jpg,emsmauricebugnon@fondation-saphir.ch,"Luis Villa, directeur  / Annabelle Descharmes, responsable accompagnement / Klara Fantys, responsable pôle personne âgée",6.748590200000001,46.79519185
136,https://www.heviva.ch/institutions/detail/ems/meillerie-ems-la.html,"MEILLERIE, EMS LA",Chemin de Meillerie 6,1006 Lausanne,021 340 70 40,021 340 70 50,https://www.heviva.ch/typo3temp/assets/_processed_/0/b/csm_MEILLERIE_Ext_0eae0b9cbb.jpg,https://www.heviva.ch/typo3temp/assets/_processed_/c/7/csm_MEILLERIE_EMS-LA_f58d0e90da.jpg,info@meillerie.ch,M. Gérard Viatte,6.638655669033428,46.5135639
137,https://www.heviva.ch/institutions/detail/ems/meridienne-cat-la.html,"MERIDIENNE, CAT la",Sur la Croix 3,1020 Renens,021 634 52 52,021 634 52 92,https://www.heviva.ch/typo3temp/assets/_processed_/2/0/csm_MERIDIENNE_01_7031d9216d.jpg,https://www.heviva.ch/typo3temp/assets/_processed_/e/8/csm_MERIDIENNE_CAT-de-l_EMS-la_67c2cfceaf.jpg,meinfo@fondationlaprimerose.ch,Michel Vincent & Nicole Piguet-Weishaupt,6.593420449999997,46.54340315
138,https://www.heviva.ch/institutions/detail/ems/meridienne-ems-la.html,"MERIDIENNE, EMS LA",Sur la Croix 3,1020  Renens,021 634 52 52,021 634 52 92,https://www.heviva.ch/typo3temp/assets/_processed_/a/a/csm_MERIDIENNE_b5b5b834fb.jpg,https://www.heviva.ch/typo3temp/assets/_processed_/8/2/csm_MERIDIENNE_EMS-LA_faa256ba0a.jpg,meinfo@fondationlaprimerose.ch,Michel Vincent & Nicole Piguet-Weishaupt,6.593420449999997,46.54340315
139,https://www.heviva.ch/institutions/detail/ems/midi-foyer-du.html,"MIDI, FOYER DU",Rue du Midi 27,1400 Yverdon-les-Bains,024 425 0661,024 425 2824,https://www.heviva.ch/typo3temp/assets/_processed_/f/3/csm_FOYER_DU_MIDI_EXTERIEUR_605c0a0a04.jpg,https://www.heviva.ch/typo3temp/assets/_processed_/c/a/csm_MIDI_FOYER-DU_c0cf335795.jpg,caffaro.direction@sispsa.ch,Dario Caffaro,6.638693841587452,46.7754131
140,https://www.heviva.ch/institutions/detail/ems/mont-calme-fondation.html,"MONT CALME, FONDATION",Rue du Bugnon 15,1005  Lausanne,021 310 33 33,021 310 33 22,https://www.heviva.ch/typo3temp/assets/_processed_/0/9/csm_MONTCALME_EXT_S_99f25f12cb.jpg,https://www.heviva.ch/typo3temp/assets/_processed_/1/f/csm_MONT-CALME_FONDATION_7995ad13ba.jpg,mont-calme@montcalme.ch,Valérie Binamé,6.6407836,46.5217556
141,https://www.heviva.ch/institutions/detail/ems/mont-riant-ems.html,"MONT RIANT, EMS",Route de Bellevue 51,1400 Yverdon-les-Bains,024  424 92 40,undefined,https://www.heviva.ch/typo3temp/assets/_processed_/8/d/csm_MONT-RIANT__2__7dffc85c0e.jpg,https://www.heviva.ch/typo3temp/assets/_processed_/1/3/csm_MONTRIANT_EMS_0ddb3cf9cd.jpg,emsmontriant@fondation-saphir.ch,"Luis Villa, directeur / Sandrine Petetin, responsable accompagnement / Klara Fantys, responsable pôle personne âgée",6.6655727,46.775683
142,https://www.heviva.ch/institutions/detail/ems/montbrillant-ems.html,"MONTBRILLANT, EMS",Chemin des Ecoliers 4,1816 Chailly-Montreux,021 989 54 99,021 989 54 50,https://www.heviva.ch/typo3temp/assets/_processed_/b/a/csm_MONTBRILLANT_EXT_S_0a33f6f073.jpg,https://www.heviva.ch/typo3temp/assets/_processed_/d/3/csm_MONTBRILLANT_EMS_a8c4a05a0a.jpg,direction@ems-fbs.ch,"Yves Mottet, directeur; Anick Chevalley, responsable soins et gestion de l'accompagnement",6.8917704,46.4526303
143,https://www.heviva.ch/institutions/detail/ems/moulins-cat-des.html,"MOULINS, CAT des",Rue des Moulins 16,1800 Vevey,+41 21 922 56 15,-,https://www.heviva.ch/typo3temp/assets/_processed_/0/9/csm_SALEM_HOME_INT_S_01_2b2351427f.jpg,https://www.heviva.ch/typo3temp/assets/_processed_/1/6/csm_GENEVRIER_CAT-extramuros-du-Home-Salem_339c104df0.jpg,ajpsyger@eben-hezer.ch,Florence Cornejo,6.8433726443618,46.465523149999996
144,https://www.heviva.ch/institutions/detail/ems/myosotis-epsm-les.html,"MYOSOTIS, EPSM LES",Rue de Venengy 16,1174  Montherod,021 822 53 20,021 822 53 21,https://www.heviva.ch/typo3temp/assets/_processed_/a/5/csm_MYOSOTIS_EXTERIEUR_I_6a136b2437.jpg,https://www.heviva.ch/typo3temp/assets/_processed_/4/e/csm_MYOSOTIS_EMS-LES_fbcd62ba81.jpg,myosotis@sefanet.ch,Philippe Roger,6.3633585,46.4993604
145,https://www.heviva.ch/institutions/detail/ems/nelty-de-beausobre-ems.html,"NELTY DE BEAUSOBRE, EMS",Rue des Chapentiers 3,1110 Morges,021 811 49 11,021 811 49 00,https://www.heviva.ch/typo3temp/assets/_processed_/7/f/csm_NELTY_DE_BEAUSOBRE_EXTERIEUR_fc4ffab1fd.jpg,https://www.heviva.ch/typo3temp/assets/_processed_/0/f/csm_NELTY-DE-BEAUSOBRE_EMS_8906b62a8d.jpg,emsnb@ehc.vd.ch,André Jordan,undefined,
146,https://www.heviva.ch/institutions/detail/ems/noumea-cat.html,"NOUMEA, CAT",Chemin du Petit-Record 1,1040 Echallens,021.886.34.40,021.886.34.41,https://www.heviva.ch/typo3temp/assets/_processed_/a/0/csm_NOUMEA_CAT__1__P_8118263a89.jpg,https://www.heviva.ch/typo3temp/assets/_processed_/b/4/csm_NOUMEA_CAT_5692f1a8f0.jpg,cat.echallens@leschateaux.org,Muriel Luppi,6.6316676911022165,46.63768065
147,https://www.heviva.ch/institutions/detail/ems/oasis-ems-l.html,"OASIS, EMS L'","Avenue de Bussy 6, Case postale 118",1510 Moudon,021 905 97 97,021 905 97 00,https://www.heviva.ch/typo3temp/assets/_processed_/8/a/csm_OASIS_EXTERIEUR_78bf673341.jpg,https://www.heviva.ch/typo3temp/assets/_processed_/b/3/csm_OASIS_EMS-L__bf53dd7791.jpg,oasis@ems-oasis.ch,Hervé Billaud,undefined,
148,https://www.heviva.ch/institutions/detail/ems/odmer-epsm.html,"ODMER, EPSM",Rte du Village 26,1854  Leysin,024 493 41 00,undefined,https://www.heviva.ch/typo3temp/assets/_processed_/3/8/csm_Odmer_Bat_01_abcf23c979.jpg,undefined,admin@fcm63.ch,,undefined,
149,https://www.heviva.ch/institutions/detail/ems/oiseaux-epsm-les.html,"OISEAUX, EPSM LES",Avenue des Oiseaux 5,1018 Lausanne,021/642.74.74,undefined,https://www.heviva.ch/typo3temp/assets/_processed_/9/c/csm_OISEAUX_EPSM_e01d1252a0.jpg,undefined,oiseaux@sispsa.ch,,6.629327940789114,46.5317149
150,https://www.heviva.ch/institutions/detail/ems/oriel-fondation.html,"ORIEL, FONDATION",Rue du Simplon 8,1020 Renens,021 633 14 40,021 633 14 49,https://www.heviva.ch/typo3temp/assets/_processed_/1/2/csm_ORIEL_EXT_fd6d965340.jpg,https://www.heviva.ch/typo3temp/assets/_processed_/2/7/csm_ORIEL_FONDATION_c401e6550a.jpg,info@oriel.ch,M. Gérard Viatte,6.580426025224686,46.5353026
151,https://www.heviva.ch/institutions/detail/ems/orme-fondation.html,"ORME, FONDATION",Plaines du Loup 4a,1000  Lausanne 18,021 641 62 00,021 641 62 49,https://www.heviva.ch/typo3temp/assets/_processed_/3/8/csm_ORME_EXT_1_S_c3e374f01b.jpg,https://www.heviva.ch/typo3temp/assets/_processed_/c/6/csm_ORME_FONDATION_2392e7b97f.jpg,ems@fondationdelorme.ch,Véronique Gafner,undefined,
152,https://www.heviva.ch/institutions/detail/ems/ours-cat-de-lems-de-l.html,"OURS, CAT de l'EMS de L'",Route de la Ville d&apos;Oex 1,1660 Ch&#xE2;teau-d&apos;Oex,026 924 28 00,026 924 28 33,https://www.heviva.ch/typo3temp/assets/_processed_/5/9/csm_OURS_CAT__1__P_0dfb5efef6.jpg,https://www.heviva.ch/typo3temp/assets/_processed_/d/9/csm_OURS_CAT-de-l_EMS-de-L__252434fffd.jpg,claudine.siffert@cogestems.ch,"Claudine Siffert, Infirmière chef",undefined,
153,https://www.heviva.ch/institutions/detail/ems/ours-ems-l.html,"OURS, EMS L'",Route de la Villa d&apos;Oex 1,1660  Ch&#xE2;teau-d&apos;Oex,026 924 28 00,026 924 28 10,https://www.heviva.ch/typo3temp/assets/_processed_/7/a/csm_OURS_EXT_S_9e079903b4.jpg,https://www.heviva.ch/typo3temp/assets/_processed_/b/1/csm_OURS_EMS-L__d48aa84030.jpg,info@cogestems.ch,Serge Gétaz,undefined,
154,https://www.heviva.ch/institutions/detail/ems/paix-du-soir-cat-de-lems-la.html,"PAIX DU SOIR, CAT de l'EMS La",Chemin de Longeraie 9,1052 Le Mont-sur-Lausanne,021 651 66 77,021 651 66 56 ,https://www.heviva.ch/typo3temp/assets/_processed_/3/1/csm_PAIX_DU_SOIR_CAT__4__P_26e4295a6a.jpg,https://www.heviva.ch/typo3temp/assets/_processed_/a/0/csm_PAIX-DU-SOIR_CAT-de-l_EMS-La_5879a4ae1f.jpg,claudia.rossetti@paixdusoir.ch,"Mme Claudia Rossetti, responsable CAT",6.630091774690362,46.56330265
155,https://www.heviva.ch/institutions/detail/ems/paix-du-soir-ems-la.html,"PAIX DU SOIR, EMS LA",Chemin de Longeraie 9,1052  Le Mont-sur-Lausanne,021 651 66 66,021 651 66 56,https://www.heviva.ch/typo3temp/assets/_processed_/f/a/csm_PAIX_DU_SOIR_EXT_S_2082d6a6a5.jpg,https://www.heviva.ch/typo3temp/assets/_processed_/3/c/csm_PAIX-DU-SOIR_EMS-LA_0befdd1ad4.jpg,info@paixdusoir.ch,Jean-Marc Laub,6.630091774690362,46.56330265
156,https://www.heviva.ch/institutions/detail/ems/palmiers-cat-de-lems-le.html,"PALMIERS, CAT de l'EMS Le",Avenue du Rond-Point 1,1003 Lausanne,021.617.33.70,021.617.33.70,https://www.heviva.ch/typo3temp/assets/_processed_/6/4/csm_PALMIERS_CAT_e2f6018eb4.png,https://www.heviva.ch/typo3temp/assets/_processed_/f/4/csm_PALMIERS_CAT-de-l_EMS-Les_edc8d6b36a.jpg,cat.palmiers@montcalme.ch,Madalina Martin,6.6286248,46.5152658
157,https://www.heviva.ch/institutions/detail/ems/panorama-cat-du-centre-du.html,"PANORAMA, CAT du Centre du",Rue du Clos 9,1800 Vevey,021 923 00 23,021 923 00 29,https://www.heviva.ch/typo3temp/assets/_processed_/4/5/csm_PANORAMA_CAT__1__P_8a0b9b0dbf.jpg,https://www.heviva.ch/typo3temp/assets/_processed_/3/b/csm_PANORAMA_CAT-du-Centre-du_497c7c2f35.jpg,panorama@fondationbeausejour.ch,Mme Elisabeth Vetsch,6.846925199999999,46.46053105
158,https://www.heviva.ch/institutions/detail/ems/parc-de-beausobre-cat-de-lems-le.html,"PARC DE BEAUSOBRE, CAT de l'EMS Le",Avenue de Chanel 6,1110 Morges,079 172 84 17,021 804 63 00,https://www.heviva.ch/typo3temp/assets/_processed_/0/b/csm_Parc_Beausobre_1_CAT_02_d5ab677329.jpg,https://www.heviva.ch/typo3temp/assets/_processed_/5/f/csm_PAQUIS_CAT-de-l_EMS-Les_85517bfac2.jpg,,,6.4932858,46.5145274
159,https://www.heviva.ch/institutions/detail/ems/parc-de-beausobre-ems.html,"PARC DE BEAUSOBRE, EMS",Avenue de Chanel 26,1110 Morges,021 804 63 11,021 804 63 00,https://www.heviva.ch/typo3temp/assets/_processed_/b/0/csm_PAQUIS_EXTERIEUR_baa84a8ce3.jpg,https://www.heviva.ch/typo3temp/assets/_processed_/0/3/csm_PAQUIS_EMS-LES_a59bc7f882.jpg,emspb@ehc.vd.ch,André Jordan,6.497864957914801,46.516825850000004
160,https://www.heviva.ch/institutions/detail/ems/parc-de-valency-ems.html,"PARC DE VALENCY, EMS",Route de Prilly 18,1004 Lausanne,058 748 84 60,058 748 85 29,https://www.heviva.ch/typo3temp/assets/_processed_/3/1/csm_PARC_VALENCY_EXT_S_4b227fc52e.jpg,https://www.heviva.ch/typo3temp/assets/_processed_/3/0/csm_PARC-DE-VALENCY_EMS_c8da0c9bab.jpg,sandrine.heuls@altage.ch,Sandrine Heuls,6.610038565274891,46.53251565
161,https://www.heviva.ch/institutions/detail/ems/parc-de-valency-lp-de-la-residence.html,"PARC DE VALENCY, LP de la Résidence",Avenue Benjamin Dumur 9,1004 Lausanne,021.623.24.74,021.623.24.94,https://www.heviva.ch/typo3temp/assets/_processed_/f/3/csm_PARC_VALENCY_EXT_S_01_c783a49b78.jpg,https://www.heviva.ch/typo3temp/assets/_processed_/4/7/csm_PARC-DE-VALENCY_LP-de-la-re__sidence_3ae5a16e5d.jpg,marianne.piguet@altage.ch,Marianne Piguet,undefined,
162,https://www.heviva.ch/institutions/detail/ems/pergolas-ems-les.html,"PERGOLAS, EMS LES","Route du Genevrex 20, Case postale 91",1071 Chexbres,021 946 08 08,undefined,https://www.heviva.ch/typo3temp/assets/_processed_/4/3/csm_PERGOLAS_EXT_S_01_483f087cc3.jpg,https://www.heviva.ch/typo3temp/assets/_processed_/5/1/csm_PERGOLAS_EMS-LES_46adb9e580.jpg,admin@fcm63.ch,Roger Hartmann,undefined,
163,https://www.heviva.ch/institutions/detail/ems/phare-elim-ems.html,"PHARE ELIM, EMS","Avenue de la Paix 11, Case postale 444",1814 La Tour-de-Peilz,021 977 33 33,021 977 33 90,https://www.heviva.ch/typo3temp/assets/_processed_/4/6/csm_PHARE_ELIM_EXT_S_3bd1b805f7.jpg,https://www.heviva.ch/typo3temp/assets/_processed_/6/1/csm_PHARE-ELIM_EMS_ff68b2f951.jpg,ems@phare-elim.ch,Eric Vurlod,undefined,
164,https://www.heviva.ch/institutions/detail/ems/plein-sud-lp.html,"PLEIN SUD, LP",Chemin des Baules 4,1268 Begnins,024 424 15 51,undefined,https://www.heviva.ch/typo3temp/assets/_processed_/d/5/csm_lppleinsud_50e180f184.jpg,undefined,info@residence-plein-sud.ch,Locasser SA (Cindy Conti),6.245954231665651,46.44220335
165,https://www.heviva.ch/institutions/detail/ems/pommeraie-epsm-la.html,"POMMERAIE, EPSM LA",Route de la Dent 33,1660  Ch&#xE2;teau-d&apos;Oex,026 924 60 88,026 924 31 52,https://www.heviva.ch/typo3temp/assets/_processed_/5/0/csm_POMMERAIE_EXT_S_672f59b18e.jpg,https://www.heviva.ch/typo3temp/assets/_processed_/e/d/csm_POMMERAIE_EMS-LA_920b4902bf.jpg,info@cogestems.ch,Serge Gétaz,undefined,
166,https://www.heviva.ch/institutions/detail/ems/praz-joret-residence.html,"PRAZ JORET, RESIDENCE","Route de Servion 36 A, Case postale 33",1083 Mezi&#xE8;res,021 903 09 40,021 903 09 41,https://www.heviva.ch/typo3temp/assets/_processed_/b/c/csm_PRAZ_JORET_EXT_S_3d3c252e39.jpg,https://www.heviva.ch/typo3temp/assets/_processed_/9/c/csm_PRAZ-JORET_RESIDENCE_a60046a6ea.jpg,admin@praz-joret.ch,Antoinette Jock,undefined,
167,https://www.heviva.ch/institutions/detail/ems/praz-sechaud-i.html,PRAZ SECHAUD I,Praz-S&#xE9;chaud 17,1010  Lausanne,058 748 88 60,058 748 88 79,https://www.heviva.ch/typo3temp/assets/_processed_/9/4/csm_PRAZ_SECHAUD_1_EXT_S_f3e113c049.jpg,https://www.heviva.ch/typo3temp/assets/_processed_/0/b/csm_PRAZ-SECHAUD-I_9843bd9d1d.jpg,sandrine.heuls@altage.ch,Sandrine Heuls,undefined,
168,https://www.heviva.ch/institutions/detail/ems/praz-sechaud-ii.html,PRAZ SECHAUD II,Avenue de Morges 68,1004 Lausanne,058 748 84 30,058 748 84 59,https://www.heviva.ch/typo3temp/assets/_processed_/3/7/csm_PRAZ_SECHAUD_2_EXT_S_02_d054733637.jpg,https://www.heviva.ch/typo3temp/assets/_processed_/1/4/csm_PRAZ-SECHAUD-II_a277ad8f9d.jpg,claude.paponnet@altage.ch,Claude Paponnet,6.60803095,46.5271193
169,https://www.heviva.ch/institutions/detail/ems/pre-de-la-couronne-lp-des.html,"PRE DE LA COURONNE, LP des",Place de la Couronne 3,1522 Lucens,021.908.09.08,021.908.09.09,https://www.heviva.ch/typo3temp/assets/_processed_/7/d/csm_PRE_DE_LA_COURONNE_8bbf54d70e.jpg,https://www.heviva.ch/typo3temp/assets/_processed_/e/d/csm_PRE-DE-LA-COURONNE_LP-des_29baef9280.jpg,secretariat-reception@emsfaverge.ch,Pierre-André Goumaz - Directeur,undefined,
170,https://www.heviva.ch/institutions/detail/ems/pre-de-la-tour-cat-de-lems.html,"PRE DE LA TOUR, CAT de l'EMS",Place Neuve 3,1009 Pully,021/721.18.24,021/721.18.00,https://www.heviva.ch/typo3temp/assets/_processed_/7/0/csm_PRE_DE_LA_TOUR_CAT_1_P_8185f850e8.jpg,https://www.heviva.ch/typo3temp/assets/_processed_/0/7/csm_PRE-DE-LA-TOUR_CAT-de-l_EMS_1a53e78152.jpg,dsuter@pre-pariset.ch,"Madame Magali Wolfensberger, Responsable du service CAT et Monsieur Diego Suter, Coordinateur CAT",6.6592278,46.5112774
171,https://www.heviva.ch/institutions/detail/ems/pre-de-la-tour-ems.html,"PRE DE LA TOUR, EMS","Place Neuve 3, case postale 190",1009 Pully,021 721 18 11,021 721 18 00,https://www.heviva.ch/typo3temp/assets/_processed_/5/c/csm_PRE_LA_TOUR_EXTERIEUR_b211f05b0d.jpg,https://www.heviva.ch/typo3temp/assets/_processed_/d/0/csm_PRE-DE-LA-TOUR_EMS_4eafe3e399.jpg,cmeierhans@pre-pariset.ch,Pierre Berthet,undefined,
172,https://www.heviva.ch/institutions/detail/ems/pre-fleuri-residence.html,"PRE FLEURI, RESIDENCE",Route de la Clochatte 10 C,1018  Lausanne,021 652 14 22,021 653 69 39,https://www.heviva.ch/typo3temp/assets/_processed_/6/8/csm_PRE-FLEURI_672c8e2e41.jpg,https://www.heviva.ch/typo3temp/assets/_processed_/6/3/csm_PRE-FLEURI_RESIDENCE_2f1466bc75.jpg,info@pre-fleuri.ch,Violeta Mitreva,6.6382423,46.5423974
173,https://www.heviva.ch/institutions/detail/ems/pre-pariset-ems.html,"PRE PARISET, EMS",Chemin du Stand 1,1009  Pully,021 721 27 00,021 721 27 90,https://www.heviva.ch/typo3temp/assets/_processed_/8/f/csm_PRE_PARISET_EXTERIEUR_S_01_96eac9bcb5.jpg,https://www.heviva.ch/typo3temp/assets/_processed_/3/1/csm_PRE-PARISET_EMS_96b8adcd1f.jpg,,Pierre Berthet,6.6675328,46.5193167
174,https://www.heviva.ch/institutions/detail/ems/pre-carre-epsm-le.html,"PRE-CARRE, EPSM LE",Route de Chavornay 11,1374 Corcelles-sur-Chavornay,024 441 41 19,undefined,https://www.heviva.ch/typo3temp/assets/_processed_/e/7/csm_PRE_CARRE_EXTERIEUR_II_S_cc7bc2368e.jpg,https://www.heviva.ch/typo3temp/assets/_processed_/0/0/csm_PRE-CARRE-EMS-LE_636a92e867.jpg,epsmprecarre@fondation-saphir.ch,"Luis Villa, directeur / Nathalie Conod, responsable accompagnement / Tristan Jobin, responsable pôle psychiatrie adulte",6.595334589988104,46.70278575
175,https://www.heviva.ch/institutions/detail/ems/prerisa-fondation.html,"PRERISA, FONDATION","All&#xE9;e Prerisa, Case postale 118",1522 Lucens,021 906 12 12,021 906 12 36,https://www.heviva.ch/typo3temp/assets/_processed_/8/6/csm_PRERISA_EXTERIEUR_de44b491cf.jpg,https://www.heviva.ch/typo3temp/assets/_processed_/6/0/csm_PRERISA_FONDATION_8b9000b020.jpg,info@prerisa.ch,Brigitte Gasser,undefined,
176,https://www.heviva.ch/institutions/detail/ems/quatre-marronniers-cat-de-lems-les.html,"QUATRE MARRONNIERS, CAT de l'EMS Les",Avenue des 4 Marronniers 30,1400 Yverdon-les-Bains,024 424 00 00,undefined,https://www.heviva.ch/typo3temp/assets/_processed_/7/8/csm_4MARRONNIERS_CAT__1__P_5e40d65f27.jpg,https://www.heviva.ch/typo3temp/assets/_processed_/2/c/csm_QUATRE-MARRONNIERS_CAT-de-l_EMS-Les_ae957ddf8c.jpg,cat@4marronniers.ch,Alexandre Groff,undefined,
177,https://www.heviva.ch/institutions/detail/ems/quatre-marronniers-cs-de-lems-les.html,"QUATRE MARRONNIERS, CS de l'EMS Les",Avenue des 4 Marronniers 30,1400 Yverdon-les-Bains,024 424 00 00,undefined,https://www.heviva.ch/typo3temp/assets/_processed_/c/0/csm_QUATRE_MARRONNIERS_EXTERIEUR_01_2b6f2f80a0.jpg,https://www.heviva.ch/typo3temp/assets/_processed_/f/d/csm_QUATRE-MARRONNIERS_CS-de-l_EMS-Les_01_3706d6bdfa.jpg,s.flückiger@ems4marronniers.ch,Sylvie Flückiger,undefined,
178,https://www.heviva.ch/institutions/detail/ems/quatre-marronniers-ems-les.html,"QUATRE MARRONNIERS, EMS LES",Avenue des 4-Marronniers 30,1400 Yverdon-les-Bains,024 424 00 00,024 424 00 01,https://www.heviva.ch/typo3temp/assets/_processed_/d/0/csm_QUATRE_MARRONNIERS_EXTERIEUR_b604817606.jpg,https://www.heviva.ch/typo3temp/assets/_processed_/0/6/csm_QUATRE-MARRONNIERS_EMS-LES_bfd35864e9.jpg,info@4marronniers.ch,Evelyne Garrido,undefined,
179,https://www.heviva.ch/institutions/detail/ems/quatre-saisons-ems-les.html,"QUATRE SAISONS, EMS LES",Rue de la Gare 11,1196 Gland,022 354 20 10,022 354 20 11,https://www.heviva.ch/typo3temp/assets/_processed_/b/6/csm_2011-QUATRE_SAISONS_EXTERIEUR_b2dfb2cfe2.jpg,https://www.heviva.ch/typo3temp/assets/_processed_/6/f/csm_QUATRE-SAISONS_EMS-LES_2df3038004.jpg,info@bellesaison.ch,Christian Crottaz,6.266247252077537,46.422864700000005
180,https://www.heviva.ch/institutions/detail/ems/recordon-ems.html,"RECORDON, EMS",Avenue de France 17,1004  Lausanne,021 626 86 80,021 626 85 03,https://www.heviva.ch/typo3temp/assets/_processed_/a/d/csm_RECORDON_EXT_S_a4476783c2.jpg,https://www.heviva.ch/typo3temp/assets/_processed_/e/1/csm_RECORDON_EMS_48e50444f0.jpg,ems.recordon@fa2.ch,"Vincent Castagna, Directeur général, Mario Desmedt et Gaëtan Follonier",6.622594683850091,46.5246399
181,https://www.heviva.ch/institutions/detail/ems/repere-cat-le.html,"REPERE, CAT Le",Ruelle Perdtemps 9,1260 Nyon,079 606 54 52,undefined,https://www.heviva.ch/typo3temp/assets/_processed_/9/5/csm_catrepere220_e9cb320fd7.jpg,https://www.heviva.ch/typo3temp/assets/_processed_/2/3/csm_REPERE_CAT-Le_47e55cbe2a.jpg,info@bellesaison.ch,Céline Langlet,undefined,
182,https://www.heviva.ch/institutions/detail/ems/agate-residence.html,Résidence AGATE,Route de Bellevue 57,1400 Yverdon-les-Bains,024 426 06 95,undefined,https://www.heviva.ch/typo3temp/assets/_processed_/2/1/csm_AGATE_LP2__1__d4d2da38d8.jpg,undefined,residenceagate@fondation-saphir.ch,"John Gallandat, éducateur responsable, coordinateur de la Résidence / Klara Fantys, responsable pôle personne âgée / Direction Luis Villa, directeur ",6.6655727,46.775683
183,https://www.heviva.ch/institutions/detail/ems/residence-aigle.html,RESIDENCE AIGLE,Chemin du Levant 6,1860 Aigle,024 468 66 91,024 468 66 95,https://www.heviva.ch/typo3temp/assets/_processed_/b/0/csm_AIGLE_RESIDENCE_EXT_S_cb19abff1b.jpg,https://www.heviva.ch/typo3temp/assets/_processed_/2/2/csm_RESIDENCE-AIGLE_3f46f3862d.jpg,aigle@ems-chablais.ch,Bernard Laurent,6.9598818,46.3162089
184,https://www.heviva.ch/institutions/detail/ems/residence-aigle-cat-de-la.html,"RESIDENCE AIGLE, CAT de la",Chemin du Levant 6,1860 Aigle,024 468 66 91,024 468 66 95,https://www.heviva.ch/typo3temp/assets/_processed_/d/e/csm_AIGLE_CAT__1__P_8dcc69d759.jpg,https://www.heviva.ch/typo3temp/assets/_processed_/d/8/csm_RESIDENCE-AIGLE_CAT-de-la-_5e1f5a10e2.jpg,aigcat@ems-chablais.ch,Bérénice Rossel,6.9598818,46.3162089
185,https://www.heviva.ch/institutions/detail/ems/residence-aigle-cs-de-la.html,"RESIDENCE AIGLE, CS de la",Chemin du Levant 6,1860 Aigle,024 468 66 91,024 468 66 95,https://www.heviva.ch/typo3temp/assets/_processed_/2/0/csm_AIGLE_CS__1_P_7141f43c33.jpg,https://www.heviva.ch/typo3temp/assets/_processed_/b/3/csm_RESIDENCE-AIGLE_CS-de-la-_01_093875628e.jpg,aigadministration@ems-chablais.ch,Lorraine Maret,6.9598818,46.3162089
186,https://www.heviva.ch/institutions/detail/ems/residence-diablerets.html,RESIDENCE DIABLERETS,Route du Pillon 161,1865 Les Diablerets,024 492 80 00,024 492 80 09,https://www.heviva.ch/typo3temp/assets/_processed_/6/b/csm_DIABLERETS_RESIDENCE_EXT_S_dfaeb36365.jpg,https://www.heviva.ch/typo3temp/assets/_processed_/0/4/csm_RESIDENCE-DIABLERETS_0e8d044f92.jpg,diablerets@ems-chablais.ch,,7.1503702,46.3539761
187,https://www.heviva.ch/institutions/detail/ems/residence-diablerets-cat-de-la.html,"RESIDENCE DIABLERETS, CAT de la",Route du Pillon 161,1865 Les Diablerets,024 492 80 00,024 492 80 09,https://www.heviva.ch/typo3temp/assets/_processed_/e/6/csm_DIABLERETS_CAT__1__P_a427d9b8f6.jpg,https://www.heviva.ch/typo3temp/assets/_processed_/d/c/csm_RESIDENCE-DIABLERETS_CAT-de-la-_5d83fbe6f2.jpg,diaadministration@ems-chablais.ch,Marina Richardson,7.1503702,46.3539761
188,https://www.heviva.ch/institutions/detail/ems/residence-diablerets-cs-de-la.html,"RESIDENCE DIABLERETS, CS de la",Route du Pillon 161,1865 Les Diablerets,024 492 80 00,024 492 80 09,https://www.heviva.ch/typo3temp/assets/_processed_/1/b/csm_DIABLERETS_CS__1__P_20bbfb4a2c.jpg,https://www.heviva.ch/typo3temp/assets/_processed_/4/9/csm_RESIDENCE-DIABLERETS_CS-de-la_01_1919184839.jpg,diasecretariat@ems-chablais.ch,Marina Richardson,7.1503702,46.3539761
189,https://www.heviva.ch/institutions/detail/ems/residence-grande-fontaine.html,RESIDENCE GRANDE FONTAINE,Route de l&#x2019;Infirmerie 17-19,1880 Bex,024 463 91 91,024 463 91 92,https://www.heviva.ch/typo3temp/assets/_processed_/a/0/csm_GRANDE_FONTAINE_EXT_S_18247a6ece.jpg,https://www.heviva.ch/typo3temp/assets/_processed_/7/2/csm_RESIDENCE-GRANDE-FONTAINE_5496d13e2a.jpg,bex@ems-chablais.ch,Thierry Michel,undefined,
190,https://www.heviva.ch/institutions/detail/ems/residence-grande-fontaine-cat-de-la.html,"RESIDENCE GRANDE FONTAINE, CAT de la",Route de l&apos;Infirmerie 25,1880 Bex,024/463.32.00,024.463.91.92,https://www.heviva.ch/typo3temp/assets/_processed_/a/f/csm_GRANDE_FONTAINE_CAT__1__P_a5ab9d783f.jpg,https://www.heviva.ch/typo3temp/assets/_processed_/3/8/csm_RESIDENCE-GRANDE-FONTAINE_CAT-de-la-_6daeaf56e6.jpg,referentecat@ems-chablais.ch,Amélie Gonzalez Carron ,5.1749518,46.3136914
191,https://www.heviva.ch/institutions/detail/ems/rosiers-cs-de-lems-les.html,"ROSIERS, CS de l'EMS Les",Route de Brent 32,1807 Blonay,021 943 07 77,021 943 07 80,https://www.heviva.ch/typo3temp/assets/_processed_/4/b/csm_ROSIERS_EXT_S_01_23f953ffe5.jpg,https://www.heviva.ch/typo3temp/assets/_processed_/e/d/csm_ROSIERS_CS-de-l_EMS-Les_01_b9d52978ef.jpg,directionsoins@lesrosiers.ch,Esther Mafioly,6.9006273,46.4591227
192,https://www.heviva.ch/institutions/detail/ems/rosiers-ems-les.html,"ROSIERS, EMS LES",Route de Brent 32,1807 Blonay,021 943 07 70,021 943 07 80,https://www.heviva.ch/typo3temp/assets/_processed_/a/c/csm_ROSIERS_EXT_S_c1f04a867d.jpg,https://www.heviva.ch/typo3temp/assets/_processed_/d/a/csm_ROSIERS_EMS-LES_76647f22d6.jpg,info@lesrosiers.ch,Esther Mafioly,6.9006273,46.4591227
193,https://www.heviva.ch/institutions/detail/ems/rotillon-epsm-le.html,"ROTILLON, EPSM LE",Rue du R&#xF4;tillon 5,1003 Lausanne,021 349 94 00,undefined,https://www.heviva.ch/typo3conf/ext/wng_ems/res/images/ems_default.jpg,undefined,info@lerotillon.ch,Eliane Bovitutti,undefined,
194,https://www.heviva.ch/institutions/detail/ems/roulotte-cat.html,"ROULOTTE, CAT",&quot;Les Uttins&quot; - Route de Lausanne 21 ,1028 Pr&#xE9;verenges,021.811.42.42,021.811.42.42,https://www.heviva.ch/typo3temp/assets/_processed_/8/5/csm_ROULOTTE_CAT__1__bdae2457ec.jpg,https://www.heviva.ch/typo3temp/assets/_processed_/8/3/csm_ROULOTTE-CAT_35405aa665.jpg,admin@la-diligence.ch,Danièle Bonhomme,undefined,
195,https://www.heviva.ch/institutions/detail/ems/rozavere-fondation-la.html,"ROZAVERE, FONDATION LA",Chemin de la Rov&#xE9;r&#xE9;az 23,1012 Lausanne,021 651 38 11,021 651 05 32,https://www.heviva.ch/typo3temp/assets/_processed_/5/9/csm_ROZAVERE_EXT_S_68e0126125.jpg,https://www.heviva.ch/typo3temp/assets/_processed_/7/c/csm_ROZAVERE_FONDATION-LA_afe8836620.jpg,info@rozavere.ch,Pierre Ethenoz,undefined,
196,https://www.heviva.ch/institutions/detail/ems/ruisseau-cat-de-prerisa.html,"RUISSEAU, CAT de Prérisa",All&#xE9;e Pr&#xE9;risa 3,1522 Lucens,021 906 12 12,021 906 12 13,https://www.heviva.ch/typo3temp/assets/_processed_/6/2/csm_RUISSEAU_CAT__1__P_a35c792b49.jpg,https://www.heviva.ch/typo3temp/assets/_processed_/4/a/csm_LE-RUISSEAU_CAT-de-Pre__risa_df38212564.jpg,cat@prerisa.ch,Carine Jeannerat,undefined,
197,https://www.heviva.ch/institutions/detail/ems/sans-souci-epsm.html,"SANS SOUCI, EPSM",Route de Gimel 23,1185 Mont-sur-Rolle,058 748 86 50,058 748 86 99,https://www.heviva.ch/typo3temp/assets/_processed_/8/6/csm_SANS_SOUCI_EXT_S_c54d8dbd49.jpg,https://www.heviva.ch/typo3temp/assets/_processed_/7/1/csm_SANS-SOUCI_EMS_81db865c85.jpg,claude.paponnet@altage.ch,Claude Paponnet,6.335967328336521,46.481512800000004
198,https://www.heviva.ch/institutions/detail/ems/signal-association-le.html,"SIGNAL, ASSOCIATION LE",Rte du Signal 6,1080 Les Cullayes,021 903 11 66,021 903 38 18,https://www.heviva.ch/typo3temp/assets/_processed_/b/e/csm_SIGNAL_EXT_S._7c86062039.jpg,https://www.heviva.ch/typo3temp/assets/_processed_/1/d/csm_SIGNAL_ASSOCIATION-LE_32b2fe5771.jpg,secretariat@ems-lesignal.ch,Stéphane Beausire,6.753437270417638,46.57587555
199,https://www.heviva.ch/institutions/detail/ems/silo-fondation.html,"SILO, FONDATION",Route du Village 4,1112 Echichens,021 804 08 11,021 802 21 98,https://www.heviva.ch/typo3temp/assets/_processed_/0/a/csm_SILO_EXTERIEUR_I_e0ce98cbb6.jpg,https://www.heviva.ch/typo3temp/assets/_processed_/9/1/csm_SILO_FONDATION_49dfc01b6a.jpg,info@fondationsilo.ch,Jean-François Pasche,6.5019262,46.5278579
200,https://www.heviva.ch/institutions/detail/ems/soerensen-la-rosiere-ems-site-de-la-rosiere.html,"SOERENSEN-LA ROSIERE, EMS - SITE DE LA ROSIERE",Av. de la Rosi&#xE8;re 20,1188 Gimel,021 314 82 80,021 314 82 81,https://www.heviva.ch/typo3temp/assets/_processed_/3/e/csm_SOERENSEN-LA_ROSIERE__LA_ROSIERE_EXTERIEUR_3e7052b28e.png,https://www.heviva.ch/typo3temp/assets/_processed_/c/6/csm_SOERENSEN-LA-ROSIERE_EMS---SITE-DE-LA-ROSIERE_83c58845c1.jpg,ems.soerensen-larosiere@chuv.ch,Mme Christine Vannay,undefined,
201,https://www.heviva.ch/institutions/detail/ems/soerensen-la-rosiere-ems-site-de-soerensen.html,"SOERENSEN-LA ROSIERE, EMS - SITE DE SOERENSEN",En Bauloz 37,1188 Gimel,021 828 01 11,021 828 01 10,https://www.heviva.ch/typo3temp/assets/_processed_/3/7/csm_SOERENSEN-LA_ROSIERE__SOERENSEN_EXTERIEUR_01_9e5ee83b4f.jpg,undefined,ems.soerensen-larosiere@chuv.ch,Mme Christine Vannay,undefined,
202,https://www.heviva.ch/institutions/detail/ems/soleil-residence-le.html,"SOLEIL, RESIDENCE LE",Route du Suchet ,1854 Leysin,024 493 13 00,undefined,https://www.heviva.ch/typo3temp/assets/_processed_/f/4/csm_SOLEIL_EXT_S_4dd45b8fb5.jpg,https://www.heviva.ch/typo3temp/assets/_processed_/3/c/csm_SOLEIL_RESIDENCE-LE_44db97c99f.jpg,admin@fcm63.ch,Roger Hartmann,7.0135233,46.3411057
203,https://www.heviva.ch/institutions/detail/ems/sylvabelle-epsm.html,"SYLVABELLE, EPSM","La bessone, Lignerolles",1338 Ballaigues,058 748 81 00,undefined,https://www.heviva.ch/typo3temp/assets/_processed_/8/a/csm_SYLVABELLE_EXTERIEUR_S_24c4b491fc.jpg,https://www.heviva.ch/typo3temp/assets/_processed_/9/3/csm_SYLVABELLE_EMS_775d9e2ad9.jpg,kiny.mottier@altage.ch; sylvabelle.infirmiers@altage.ch,Kiny Mottier,undefined,
204,https://www.heviva.ch/institutions/detail/ems/terrasse-ems-la.html,"TERRASSE, EMS LA",Rue des Chenevi&#xE8;res 2,1800 Vevey,021 977.27.27,021 977.27.29,https://www.heviva.ch/typo3temp/assets/_processed_/0/5/csm_TERRASSE_EXT_S_9c67a63153.png,https://www.heviva.ch/typo3temp/assets/_processed_/a/9/csm_TERRASSE_EMS-LA_8f16c7020c.jpg,info@ems-laterrasse.ch,"Michel Vincent; Benjamin Vitry, inf. chef",undefined,
205,https://www.heviva.ch/institutions/detail/ems/terrasse-lp-de-lems-la.html,"TERRASSE, LP de l'EMS la",Rue des Chenevi&#xE8;res 2,1800 Vevey,021 977 27 27,021 977 27 28,https://www.heviva.ch/typo3temp/assets/_processed_/b/8/csm_TERRASSE_EXT_S_02_32950600ff.png,https://www.heviva.ch/typo3temp/assets/_processed_/3/b/csm_TERRASSE_LP-de-l_EMS-la_31ffba6581.jpg,info@ems-laterrasse.ch,"Michel Vincent, directeur; Benjamin Vitry, infirmier chef",undefined,
206,https://www.heviva.ch/institutions/detail/ems/tilleuls-epsm-les.html,"TILLEULS, EPSM LES",Rue du Village 27,1273 Arzier,058 748 87 50,058 748 87 99,https://www.heviva.ch/typo3temp/assets/_processed_/f/2/csm_TILLEULS_EXT_S_839c64465b.jpg,https://www.heviva.ch/typo3temp/assets/_processed_/b/f/csm_TILLEULS_EMS-LES_9152b348d3.jpg,claude.paponnet@altage.ch,Claude Paponnet,undefined,
207,https://www.heviva.ch/institutions/detail/ems/quai-uatp-le.html,UATP LE QUAI,Quai de la Thiele 17,1400 Yverdon-les-Bains,024 425 68 76,undefined,https://www.heviva.ch/typo3temp/assets/_processed_/1/b/csm_QUAI_CAT__1__P_96f0c5e1ba.jpg,https://www.heviva.ch/typo3temp/assets/_processed_/e/c/csm_LE-QUAI_UATp_4db5e5ffde.jpg,uatplequai@fondation-saphir.ch,"Aude Alcaide, éducatrice cheffe / Direction Luis Villa, directeur / Tristan Jobin, responsable pôle psychiatrique",6.636238076819199,46.78268695
208,https://www.heviva.ch/institutions/detail/ems/veillee-ems-la.html,"VEILLEE, EMS LA",Route de Gollion 34,1304  Senarclens,021 863 15 00,undefined,https://www.heviva.ch/typo3temp/assets/_processed_/b/5/csm_VEILLEE_EXTERIEUR_9bf340b3d7.jpg,https://www.heviva.ch/typo3temp/assets/_processed_/b/e/csm_VEILLEE_EMS-LA_8ab625bdef.jpg,info@la-veillee.ch,Sonia Cuany,6.490993,46.5990475
209,https://www.heviva.ch/institutions/detail/ems/venoge-la-site-de-la-sarraz.html,"VENOGE LA, SITE DE LA SARRAZ",Route de la Paix 22,1315  La Sarraz,021 866 02 33,021 866 02 39,https://www.heviva.ch/typo3temp/assets/_processed_/1/6/csm_VENOGE_SARRAZ_EXTERIEUR_bd5ece21f8.jpg,https://www.heviva.ch/typo3temp/assets/_processed_/f/a/csm_VENOGE-LA_SITE-DE-LA-SARRAZ_03d55377d1.jpg,info@fondation-lavenoge.ch,Nathalie Theillard ,6.5115814,46.6560124
210,https://www.heviva.ch/institutions/detail/ems/venoge-la-site-de-penthalaz-ems.html,"VENOGE LA, SITE DE PENTHALAZ, EMS",Route de la Vuy,1305  Penthalaz,021 863 03 33,021 863 03 39,https://www.heviva.ch/typo3temp/assets/_processed_/f/5/csm_VENOGE_PENTHALAZ_EXTERIEUR_ec9a3831e2.jpg,https://www.heviva.ch/typo3temp/assets/_processed_/d/3/csm_VENOGE-LA_SITE-DE-PENTHALAZ_EMS_c85bcbbf60.jpg,info@fondation-lavenoge.ch,Nathalie Theillard ,6.5264884,46.6069608
211,https://www.heviva.ch/institutions/detail/ems/venoge-penthalaz-cat-de-la.html,"VENOGE PENTHALAZ, CAT de la",Route de la Vuy 1,1305 Penthalaz,021 863.03.33,undefined,https://www.heviva.ch/typo3temp/assets/_processed_/0/1/csm_VENOGE_CAT_P__3__ab82dc191d.jpg,https://www.heviva.ch/typo3temp/assets/_processed_/c/0/csm_VENOGE-PENTHALAZ_CAT-de-la_bccafb4609.jpg,info@fondation-lavenoge.ch,Mme M. Thonney,6.5267487,46.6088604
212,https://www.heviva.ch/institutions/detail/ems/venoge-penthalaz-lp-de-lems-la.html,"VENOGE PENTHALAZ, LP de l'EMS la",Route de la Vuy 1,1305 Penthalaz,undefined,undefined,https://www.heviva.ch/typo3temp/assets/_processed_/4/2/csm_VENOGE_PENTHALAZ_EXTERIEUR_01_a5f0f9bdd0.jpg,https://www.heviva.ch/typo3temp/assets/_processed_/d/d/csm_VENOGE-PENTHALAZ_LP-de-l_EMS-la_989a4b6d5a.jpg,,,6.5267487,46.6088604
213,https://www.heviva.ch/institutions/detail/ems/vergers-de-la-longeraie-lp-les.html,"VERGERS DE LA LONGERAIE, LP Les",Chemin de la Longeraie 11-13-15,1052 Le Mont-sur-Lausanne,021 651 66 78 / 079 198 43 42,021 651 66 56,https://www.heviva.ch/typo3temp/assets/_processed_/5/c/csm_PAIX_DU_SOIR_LP__1__P_b6bacf113d.jpg,https://www.heviva.ch/typo3temp/assets/_processed_/b/2/csm_VERGERS-DE-LA-LONGERAIE_LP-Les_4c40b85ca5.jpg,astrid.grangier@paixdusoir.ch,"Mme Astrid Grangier, référente sociale",6.6292426,46.5636364
214,https://www.heviva.ch/institutions/detail/ems/verney-cat-le.html,"VERNEY, CAT le",Route du Lac 12B,1185 Mont-sur-Rolle,021 545 99 48,undefined,https://www.heviva.ch/typo3temp/assets/_processed_/d/5/csm_catverney-220_bf9dccc6a0.jpg,https://www.heviva.ch/typo3temp/assets/_processed_/1/9/csm_VERNEY_CAT-le_12333d45b5.jpg,info@bellesaison.ch,Suzanne Berger,6.345371866666667,46.4664212
215,https://www.heviva.ch/institutions/detail/ems/vernie-ems-la.html,"VERNIE, EMS LA",Route du Marcolet 39,1023 Crissier,021 637 73 73,021 637 73 75,https://www.heviva.ch/typo3temp/assets/_processed_/a/6/csm_VERNIE_33d1d1426b.jpg,undefined,veinfo@fondationlaprimerose.ch,"Michel Vincent, Nicole Piguet-Weishaupt",undefined,
